user,item,rank
0,0,1
0,1,1
0,2,1
0,3,1
0,4,1
0,5,1
0,6,1
0,7,1
0,8,1
0,9,1
0,11,1
0,12,1
0,13,1
0,14,1
0,15,1
0,16,1
0,17,1
0,18,1
0,19,1
0,20,1
0,21,1
0,22,1
0,23,1
0,24,1
0,25,1
0,26,1
0,27,1
0,28,1
0,29,1
0,30,1
0,31,1
0,32,1
0,33,1
0,34,1
0,35,1
0,36,1
0,37,1
0,38,1
0,39,1
0,40,1
0,41,1
0,42,1
0,43,1
0,44,1
0,45,1
0,46,1
0,47,1
0,48,1
0,49,1
0,50,1
1,51,1
1,52,1
1,53,1
1,54,1
1,55,1
1,56,1
1,57,1
1,58,1
1,59,1
1,60,1
1,61,1
1,62,1
1,63,1
1,64,1
1,65,1
1,66,1
1,67,1
1,68,1
1,69,1
1,17,1
1,71,1
1,72,1
1,73,1
1,74,1
1,75,1
1,76,1
1,77,1
1,78,1
1,79,1
1,80,1
1,81,1
1,82,1
1,83,1
1,84,1
1,85,1
1,86,1
1,87,1
1,88,1
1,89,1
1,90,1
1,91,1
1,92,1
1,93,1
1,94,1
1,95,1
1,96,1
1,97,1
1,98,1
1,99,1
1,100,1
1,101,1
1,102,1
1,46,1
1,103,1
1,104,1
1,105,1
1,106,1
1,107,1
1,108,1
1,109,1
1,110,1
1,111,1
1,112,1
1,113,1
1,114,1
1,0,1
1,115,1
1,116,1
1,117,1
1,118,1
1,119,1
1,120,1
1,121,1
1,122,1
1,123,1
1,124,1
1,125,1
1,126,1
1,127,1
1,128,1
1,129,1
1,130,1
1,131,1
1,132,1
1,133,1
1,134,1
1,135,1
1,136,1
1,137,1
1,138,1
1,139,1
1,140,1
1,141,1
1,142,1
1,143,1
1,144,1
1,145,1
1,146,1
1,147,1
1,148,1
1,149,1
1,150,1
1,151,1
1,152,1
1,153,1
1,154,1
1,155,1
1,156,1
1,157,1
1,158,1
1,159,1
1,160,1
1,40,1
1,161,1
1,162,1
1,163,1
1,164,1
1,45,1
1,165,1
1,166,1
1,167,1
1,168,1
1,169,1
1,50,1
1,170,1
1,171,1
2,172,1
2,173,1
2,56,1
2,174,1
2,175,1
2,176,1
2,177,1
2,178,1
2,179,1
2,180,1
2,181,1
2,182,1
2,183,1
2,81,1
2,184,1
2,185,1
2,186,1
2,187,1
2,42,1
2,101,1
2,48,1
2,188,1
2,189,1
2,190,1
2,113,1
2,191,1
2,192,1
2,121,1
2,120,1
2,4,1
2,5,1
2,124,1
2,193,1
2,125,1
2,194,1
2,195,1
2,20,1
2,196,1
2,197,1
2,198,1
2,39,1
2,199,1
2,163,1
2,200,1
2,201,1
2,165,1
2,202,1
2,203,1
3,62,1
3,204,1
3,205,1
3,206,1
3,42,1
3,46,1
3,121,1
3,124,1
3,136,1
3,24,1
3,154,1
3,207,1
3,208,1
3,209,1
3,210,1
3,211,1
3,41,1
3,212,1
4,213,1
4,214,1
4,215,1
4,216,1
4,217,1
4,218,1
4,219,1
4,220,1
4,57,1
4,221,1
4,222,1
4,223,1
4,224,1
4,225,1
4,60,1
4,226,1
4,227,1
4,228,1
4,229,1
4,66,1
4,230,1
4,231,1
4,232,1
4,233,1
4,234,1
4,75,1
4,235,1
4,236,1
4,181,1
4,237,1
4,238,1
4,239,1
4,240,1
4,241,1
4,242,1
4,243,1
4,244,1
4,245,1
4,246,1
4,37,1
4,247,1
4,248,1
4,249,1
4,250,1
4,251,1
4,252,1
4,103,1
4,253,1
4,254,1
4,255,1
4,256,1
4,257,1
4,192,1
4,258,1
4,259,1
4,117,1
4,260,1
4,261,1
4,119,1
4,262,1
4,263,1
4,4,1
4,264,1
4,265,1
4,266,1
4,267,1
4,125,1
4,126,1
4,268,1
4,269,1
4,128,1
4,129,1
4,270,1
4,271,1
4,272,1
4,273,1
4,274,1
4,275,1
4,276,1
4,277,1
4,278,1
4,279,1
4,280,1
4,281,1
4,282,1
4,283,1
4,284,1
4,285,1
4,286,1
4,287,1
4,288,1
4,289,1
4,290,1
4,291,1
4,292,1
4,293,1
4,294,1
4,49,1
4,295,1
4,296,1
4,297,1
4,298,1
4,299,1
4,300,1
4,301,1
4,302,1
4,303,1
4,304,1
4,305,1
4,306,1
4,307,1
4,308,1
4,65,1
4,309,1
4,310,1
4,311,1
4,17,1
4,312,1
4,313,1
4,25,1
4,314,1
4,315,1
4,316,1
4,186,1
4,317,1
4,318,1
4,319,1
4,320,1
4,321,1
4,322,1
4,46,1
4,323,1
4,106,1
4,324,1
4,325,1
4,326,1
4,327,1
4,328,1
4,329,1
4,330,1
4,331,1
4,332,1
4,333,1
4,3,1
4,334,1
4,335,1
4,336,1
4,337,1
4,338,1
4,339,1
4,340,1
4,341,1
4,342,1
4,9,1
4,343,1
4,344,1
4,345,1
4,346,1
4,347,1
4,348,1
4,349,1
4,350,1
4,351,1
4,352,1
4,353,1
4,354,1
4,355,1
4,356,1
4,357,1
4,358,1
4,359,1
4,360,1
4,153,1
4,361,1
4,154,1
4,362,1
4,363,1
4,364,1
4,365,1
4,366,1
4,36,1
4,41,1
4,367,1
4,368,1
4,369,1
4,370,1
4,371,1
4,372,1
4,373,1
4,374,1
4,375,1
4,168,1
4,376,1
4,377,1
4,378,1
5,379,1
5,380,1
5,381,1
5,382,1
5,383,1
5,14,1
5,66,1
5,384,1
5,385,1
5,386,1
5,80,1
5,239,1
5,23,1
5,387,1
5,85,1
5,388,1
5,31,1
5,38,1
5,389,1
5,101,1
5,120,1
5,10,1
5,390,1
5,391,1
5,392,1
5,393,1
5,30,1
5,394,1
5,163,1
5,203,1
5,395,1
5,396,1
5,397,1
5,398,1
5,175,1
5,399,1
5,62,1
5,400,1
5,401,1
5,402,1
5,403,1
5,404,1
5,405,1
5,406,1
5,407,1
5,408,1
5,409,1
5,410,1
5,411,1
5,109,1
5,412,1
5,413,1
5,414,1
5,2,1
5,3,1
5,415,1
5,343,1
5,416,1
5,131,1
5,417,1
5,418,1
5,144,1
5,419,1
5,151,1
5,420,1
5,421,1
5,43,1
5,375,1
6,422,1
6,60,1
6,66,1
6,75,1
6,94,1
6,250,1
6,104,1
6,192,1
6,259,1
6,117,1
6,121,1
6,129,1
6,146,1
6,423,1
6,20,1
6,424,1
6,400,1
6,71,1
6,425,1
6,314,1
6,87,1
6,186,1
6,89,1
6,426,1
6,46,1
6,110,1
6,148,1
6,154,1
7,216,1
7,427,1
7,217,1
7,428,1
7,57,1
7,221,1
7,429,1
7,430,1
7,60,1
7,230,1
7,431,1
7,432,1
7,433,1
7,434,1
7,435,1
7,239,1
7,82,1
7,436,1
7,437,1
7,90,1
7,438,1
7,91,1
7,94,1
7,34,1
7,439,1
7,37,1
7,440,1
7,38,1
7,441,1
7,442,1
7,251,1
7,101,1
7,443,1
7,113,1
7,192,1
7,259,1
7,444,1
7,119,1
7,445,1
7,446,1
7,447,1
7,448,1
7,129,1
7,449,1
7,450,1
7,451,1
7,452,1
7,141,1
7,453,1
7,454,1
7,21,1
7,455,1
7,456,1
7,457,1
7,458,1
7,275,1
7,459,1
7,278,1
7,460,1
7,461,1
7,462,1
7,287,1
7,163,1
7,49,1
7,463,1
7,464,1
7,465,1
7,466,1
7,467,1
7,51,1
7,468,1
7,469,1
7,470,1
7,424,1
7,471,1
7,62,1
7,65,1
7,17,1
7,71,1
7,473,1
7,474,1
7,25,1
7,475,1
7,87,1
7,316,1
7,88,1
7,317,1
7,186,1
7,89,1
7,476,1
7,477,1
7,29,1
7,478,1
7,479,1
7,480,1
7,46,1
7,481,1
7,106,1
7,323,1
7,410,1
7,411,1
7,482,1
7,483,1
7,110,1
7,484,1
7,485,1
7,115,1
7,331,1
7,333,1
7,486,1
7,487,1
7,488,1
7,342,1
7,489,1
7,131,1
7,490,1
7,491,1
7,492,1
7,493,1
7,353,1
7,494,1
7,495,1
7,148,1
7,359,1
7,496,1
7,497,1
7,498,1
7,154,1
7,499,1
7,366,1
7,500,1
7,41,1
7,501,1
7,502,1
7,503,1
7,377,1
8,57,1
8,221,1
8,429,1
8,422,1
8,430,1
8,381,1
8,431,1
8,232,1
8,19,1
8,504,1
8,237,1
8,436,1
8,241,1
8,90,1
8,505,1
8,37,1
8,506,1
8,38,1
8,251,1
8,101,1
8,507,1
8,254,1
8,113,1
8,508,1
8,509,1
8,259,1
8,122,1
8,120,1
8,262,1
8,4,1
8,267,1
8,125,1
8,129,1
8,510,1
8,511,1
8,271,1
8,512,1
8,513,1
8,514,1
8,21,1
8,515,1
8,516,1
8,149,1
8,275,1
8,27,1
8,517,1
8,28,1
8,283,1
8,460,1
8,285,1
8,161,1
8,518,1
8,164,1
8,49,1
8,519,1
8,520,1
8,521,1
8,522,1
8,62,1
8,523,1
8,65,1
8,524,1
8,310,1
8,525,1
8,311,1
8,312,1
8,526,1
8,527,1
8,25,1
8,528,1
8,317,1
8,406,1
8,529,1
8,426,1
8,530,1
8,321,1
8,46,1
8,48,1
8,323,1
8,110,1
8,330,1
8,413,1
8,531,1
8,3,1
8,532,1
8,533,1
8,534,1
8,535,1
8,347,1
8,536,1
8,349,1
8,537,1
8,538,1
8,494,1
8,495,1
8,148,1
8,151,1
8,539,1
8,36,1
8,39,1
8,41,1
8,540,1
8,541,1
9,542,1
9,56,1
9,58,1
9,543,1
9,544,1
9,430,1
9,545,1
9,546,1
9,547,1
9,548,1
9,231,1
9,549,1
9,550,1
9,74,1
9,19,1
9,179,1
9,551,1
9,552,1
9,553,1
9,435,1
9,554,1
9,385,1
9,181,1
9,81,1
9,184,1
9,555,1
9,556,1
9,557,1
9,558,1
9,559,1
9,31,1
9,560,1
9,94,1
9,95,1
9,561,1
9,505,1
9,37,1
9,562,1
9,38,1
9,563,1
9,565,1
9,566,1
9,567,1
9,568,1
9,569,1
9,507,1
9,570,1
9,571,1
9,107,1
9,572,1
9,573,1
9,574,1
9,112,1
9,113,1
9,575,1
9,576,1
9,120,1
9,5,1
9,124,1
9,577,1
9,578,1
9,8,1
9,268,1
9,10,1
9,128,1
9,129,1
9,579,1
9,580,1
9,390,1
9,581,1
9,582,1
9,453,1
9,583,1
9,20,1
9,584,1
9,585,1
9,586,1
9,587,1
9,588,1
9,589,1
9,590,1
9,591,1
9,27,1
9,156,1
9,592,1
9,283,1
9,285,1
9,593,1
9,287,1
9,594,1
9,595,1
9,161,1
9,596,1
9,597,1
9,164,1
9,598,1
9,599,1
9,203,1
9,395,1
9,600,1
9,519,1
9,601,1
9,602,1
9,51,1
9,603,1
9,604,1
9,6,1
9,7,1
9,605,1
9,606,1
9,607,1
9,307,1
9,608,1
9,472,1
9,609,1
9,310,1
9,525,1
9,610,1
9,611,1
9,72,1
9,73,1
9,612,1
9,613,1
9,614,1
9,615,1
9,616,1
9,617,1
9,79,1
9,618,1
9,619,1
9,183,1
9,620,1
9,621,1
9,622,1
9,84,1
9,623,1
9,624,1
9,625,1
9,93,1
9,626,1
9,627,1
9,408,1
9,628,1
9,629,1
9,42,1
9,48,1
9,105,1
9,630,1
9,326,1
9,631,1
9,412,1
9,329,1
9,632,1
9,633,1
9,116,1
9,413,1
9,332,1
9,634,1
9,2,1
9,635,1
9,636,1
9,637,1
9,638,1
9,639,1
9,640,1
9,9,1
9,641,1
9,489,1
9,642,1
9,643,1
9,644,1
9,645,1
9,136,1
9,646,1
9,350,1
9,647,1
9,418,1
9,648,1
9,353,1
9,144,1
9,649,1
9,495,1
9,650,1
9,651,1
9,419,1
9,151,1
9,652,1
9,653,1
9,654,1
9,207,1
9,158,1
9,655,1
9,209,1
9,656,1
9,657,1
9,658,1
9,659,1
9,660,1
9,35,1
9,36,1
9,661,1
9,39,1
9,662,1
9,663,1
9,43,1
9,664,1
9,665,1
9,370,1
9,503,1
9,168,1
9,376,1
9,666,1
9,667,1
9,427,1
9,668,1
9,669,1
9,670,1
9,174,1
9,11,1
9,380,1
9,382,1
9,226,1
9,671,1
9,672,1
9,673,1
9,13,1
9,14,1
9,674,1
9,384,1
9,76,1
9,504,1
9,80,1
9,23,1
9,83,1
9,241,1
9,675,1
9,676,1
9,677,1
9,101,1
9,678,1
9,679,1
9,680,1
9,681,1
9,444,1
9,4,1
9,682,1
9,683,1
9,684,1
9,685,1
9,135,1
9,686,1
9,687,1
9,139,1
9,688,1
9,15,1
9,689,1
9,690,1
9,691,1
9,272,1
9,692,1
9,693,1
9,18,1
9,454,1
9,147,1
9,21,1
9,694,1
9,695,1
9,275,1
9,696,1
9,697,1
9,698,1
9,278,1
9,157,1
9,28,1
9,699,1
9,30,1
9,460,1
9,700,1
9,701,1
9,702,1
9,703,1
9,704,1
9,705,1
9,160,1
9,211,1
9,706,1
9,199,1
9,707,1
9,708,1
9,709,1
9,163,1
9,710,1
9,711,1
9,712,1
9,713,1
9,714,1
9,715,1
9,716,1
9,717,1
9,718,1
9,719,1
9,202,1
9,720,1
9,721,1
9,722,1
9,723,1
9,724,1
9,725,1
9,424,1
9,176,1
9,726,1
9,727,1
9,728,1
9,522,1
9,62,1
9,729,1
9,730,1
9,205,1
9,731,1
9,16,1
9,732,1
9,733,1
9,312,1
9,734,1
9,735,1
9,526,1
9,736,1
9,180,1
9,474,1
9,25,1
9,737,1
9,86,1
9,738,1
9,89,1
9,186,1
9,317,1
9,739,1
9,740,1
9,477,1
9,741,1
9,529,1
9,742,1
9,743,1
9,744,1
9,745,1
9,746,1
9,426,1
9,530,1
9,102,1
9,747,1
9,748,1
9,749,1
9,750,1
9,108,1
9,109,1
9,110,1
9,751,1
9,752,1
9,3,1
9,753,1
9,754,1
9,755,1
9,756,1
9,131,1
9,12,1
9,417,1
9,757,1
9,758,1
9,759,1
9,760,1
9,761,1
9,762,1
9,537,1
9,763,1
9,764,1
9,538,1
9,765,1
9,766,1
9,24,1
9,196,1
9,198,1
9,767,1
9,768,1
9,769,1
9,770,1
9,771,1
9,772,1
9,773,1
9,201,1
9,774,1
9,775,1
9,776,1
9,371,1
9,777,1
9,778,1
9,779,1
9,171,1
9,780,1
10,781,1
10,430,1
10,782,1
10,81,1
10,85,1
10,783,1
10,557,1
10,558,1
10,784,1
10,570,1
10,113,1
10,785,1
10,786,1
10,120,1
10,5,1
10,446,1
10,124,1
10,125,1
10,449,1
10,390,1
10,787,1
10,788,1
10,511,1
10,789,1
10,591,1
10,285,1
10,286,1
10,161,1
10,164,1
10,790,1
10,791,1
10,520,1
10,792,1
10,7,1
10,605,1
10,302,1
10,793,1
10,794,1
10,795,1
10,525,1
10,17,1
10,71,1
10,796,1
10,797,1
10,626,1
10,629,1
10,412,1
10,633,1
10,195,1
10,533,1
10,346,1
10,798,1
10,799,1
10,492,1
10,352,1
10,144,1
10,800,1
10,801,1
10,496,1
10,659,1
10,802,1
10,36,1
10,803,1
10,804,1
10,368,1
10,168,1
10,376,1
10,377,1
10,805,1
10,806,1
10,174,1
10,13,1
10,674,1
10,237,1
10,807,1
10,436,1
10,808,1
10,677,1
10,101,1
10,809,1
10,810,1
10,103,1
10,254,1
10,4,1
10,264,1
10,126,1
10,135,1
10,15,1
10,692,1
10,454,1
10,455,1
10,456,1
10,515,1
10,694,1
10,275,1
10,811,1
10,812,1
10,813,1
10,202,1
10,47,1
10,49,1
10,723,1
10,299,1
10,300,1
10,521,1
10,176,1
10,65,1
10,524,1
10,814,1
10,312,1
10,736,1
10,86,1
10,815,1
10,816,1
10,89,1
10,817,1
10,747,1
10,750,1
10,110,1
10,818,1
10,330,1
10,337,1
10,819,1
10,820,1
10,131,1
10,349,1
10,821,1
10,765,1
10,538,1
10,822,1
10,154,1
10,499,1
10,365,1
10,167,1
11,550,1
11,823,1
11,0,1
11,124,1
11,125,1
11,824,1
11,825,1
11,7,1
11,9,1
11,652,1
11,826,1
11,173,1
11,476,1
11,426,1
11,487,1
11,537,1
11,827,1
11,828,1
11,829,1
11,171,1
12,213,1
12,56,1
12,58,1
12,549,1
12,81,1
12,95,1
12,564,1
12,566,1
12,830,1
12,569,1
12,831,1
12,121,1
12,120,1
12,5,1
12,123,1
12,124,1
12,577,1
12,578,1
12,832,1
12,125,1
12,129,1
12,143,1
12,596,1
12,164,1
12,295,1
12,519,1
12,6,1
12,610,1
12,833,1
12,613,1
12,183,1
12,621,1
12,627,1
12,834,1
12,835,1
12,42,1
12,114,1
12,116,1
12,531,1
12,634,1
12,635,1
12,637,1
12,638,1
12,9,1
12,836,1
12,490,1
12,142,1
12,148,1
12,153,1
12,158,1
12,837,1
12,838,1
12,664,1
12,429,1
12,60,1
12,70,1
12,75,1
12,839,1
12,840,1
12,80,1
12,239,1
12,83,1
12,841,1
12,188,1
12,842,1
12,254,1
12,843,1
12,272,1
12,693,1
12,146,1
12,21,1
12,844,1
12,149,1
12,152,1
12,160,1
12,708,1
12,845,1
12,709,1
12,200,1
12,846,1
12,724,1
12,62,1
12,847,1
12,732,1
12,314,1
12,848,1
12,186,1
12,89,1
12,849,1
12,46,1
12,749,1
12,109,1
12,190,1
12,110,1
12,850,1
12,760,1
12,537,1
12,24,1
12,851,1
12,154,1
12,828,1
12,196,1
12,198,1
12,201,1
12,778,1
13,852,1
13,181,1
13,853,1
13,854,1
13,855,1
13,856,1
13,857,1
13,532,1
13,490,1
13,41,1
13,165,1
13,66,1
13,239,1
13,858,1
13,859,1
13,101,1
13,258,1
13,49,1
13,312,1
13,102,1
13,131,1
13,860,1
14,172,1
14,56,1
14,852,1
14,861,1
14,862,1
14,863,1
14,235,1
14,864,1
14,181,1
14,184,1
14,437,1
14,783,1
14,865,1
14,558,1
14,91,1
14,246,1
14,866,1
14,506,1
14,562,1
14,867,1
14,868,1
14,250,1
14,507,1
14,113,1
14,508,1
14,0,1
14,192,1
14,509,1
14,121,1
14,446,1
14,124,1
14,577,1
14,125,1
14,448,1
14,129,1
14,510,1
14,869,1
14,788,1
14,870,1
14,511,1
14,452,1
14,514,1
14,584,1
14,871,1
14,872,1
14,285,1
14,873,1
14,287,1
14,874,1
14,161,1
14,164,1
14,875,1
14,175,1
14,876,1
14,877,1
14,525,1
14,311,1
14,17,1
14,878,1
14,72,1
14,613,1
14,183,1
14,879,1
14,880,1
14,881,1
14,42,1
14,322,1
14,410,1
14,114,1
14,532,1
14,343,1
14,642,1
14,346,1
14,882,1
14,647,1
14,351,1
14,491,1
14,648,1
14,144,1
14,153,1
14,362,1
14,158,1
14,366,1
14,36,1
14,883,1
14,803,1
14,884,1
14,885,1
14,886,1
14,887,1
14,368,1
14,165,1
14,370,1
14,168,1
14,376,1
14,888,1
14,57,1
14,221,1
14,889,1
14,890,1
14,891,1
14,381,1
14,60,1
14,226,1
14,892,1
14,893,1
14,66,1
14,70,1
14,384,1
14,75,1
14,504,1
14,894,1
14,80,1
14,237,1
14,182,1
14,239,1
14,82,1
14,895,1
14,436,1
14,896,1
14,241,1
14,897,1
14,90,1
14,676,1
14,101,1
14,842,1
14,254,1
14,681,1
14,258,1
14,444,1
14,119,1
14,898,1
14,269,1
14,899,1
14,512,1
14,513,1
14,146,1
14,147,1
14,21,1
14,515,1
14,900,1
14,149,1
14,392,1
14,901,1
14,275,1
14,460,1
14,702,1
14,704,1
14,160,1
14,163,1
14,902,1
14,720,1
14,468,1
14,722,1
14,723,1
14,903,1
14,300,1
14,904,1
14,521,1
14,176,1
14,62,1
14,400,1
14,65,1
14,524,1
14,67,1
14,905,1
14,312,1
14,87,1
14,186,1
14,89,1
14,319,1
14,906,1
14,744,1
14,907,1
14,908,1
14,46,1
14,909,1
14,110,1
14,910,1
14,911,1
14,912,1
14,3,1
14,913,1
14,914,1
14,337,1
14,915,1
14,819,1
14,916,1
14,131,1
14,134,1
14,917,1
14,918,1
14,497,1
14,154,1
14,198,1
14,919,1
14,499,1
14,201,1
15,213,1
15,920,1
15,921,1
15,430,1
15,861,1
15,922,1
15,923,1
15,867,1
15,576,1
15,924,1
15,925,1
15,926,1
15,927,1
15,854,1
15,273,1
15,928,1
15,929,1
15,282,1
15,872,1
15,873,1
15,930,1
15,410,1
15,931,1
15,346,1
15,932,1
15,502,1
15,226,1
15,933,1
15,724,1
15,934,1
15,935,1
15,916,1
16,936,1
16,937,1
16,938,1
16,939,1
16,940,1
16,232,1
16,74,1
16,19,1
16,235,1
16,941,1
16,942,1
16,94,1
16,246,1
16,505,1
16,251,1
16,107,1
16,943,1
16,113,1
16,0,1
16,509,1
16,121,1
16,120,1
16,577,1
16,125,1
16,10,1
16,129,1
16,510,1
16,944,1
16,138,1
16,271,1
16,945,1
16,141,1
16,946,1
16,582,1
16,514,1
16,20,1
16,457,1
16,458,1
16,283,1
16,210,1
16,285,1
16,947,1
16,594,1
16,596,1
16,164,1
16,948,1
16,949,1
16,950,1
16,519,1
16,602,1
16,951,1
16,520,1
16,952,1
16,953,1
16,606,1
16,954,1
16,955,1
16,956,1
16,957,1
16,310,1
16,958,1
16,610,1
16,856,1
16,72,1
16,619,1
16,93,1
16,42,1
16,959,1
16,48,1
16,114,1
16,960,1
16,961,1
16,332,1
16,634,1
16,637,1
16,343,1
16,962,1
16,535,1
16,646,1
16,963,1
16,353,1
16,144,1
16,153,1
16,964,1
16,653,1
16,654,1
16,207,1
16,158,1
16,655,1
16,965,1
16,657,1
16,366,1
16,36,1
16,966,1
16,967,1
16,370,1
16,541,1
16,968,1
16,168,1
16,375,1
16,667,1
16,57,1
16,889,1
16,969,1
16,224,1
16,381,1
16,60,1
16,970,1
16,971,1
16,66,1
16,75,1
16,972,1
16,839,1
16,973,1
16,239,1
16,82,1
16,436,1
16,974,1
16,241,1
16,975,1
16,826,1
16,101,1
16,254,1
16,976,1
16,977,1
16,978,1
16,4,1
16,264,1
16,979,1
16,980,1
16,270,1
16,981,1
16,982,1
16,272,1
16,693,1
16,983,1
16,147,1
16,423,1
16,21,1
16,455,1
16,516,1
16,149,1
16,275,1
16,279,1
16,705,1
16,288,1
16,845,1
16,289,1
16,984,1
16,715,1
16,985,1
16,469,1
16,986,1
16,724,1
16,424,1
16,987,1
16,988,1
16,728,1
16,522,1
16,62,1
16,989,1
16,65,1
16,524,1
16,205,1
16,731,1
16,990,1
16,734,1
16,991,1
16,992,1
16,87,1
16,993,1
16,994,1
16,848,1
16,995,1
16,317,1
16,89,1
16,739,1
16,319,1
16,529,1
16,745,1
16,46,1
16,996,1
16,109,1
16,483,1
16,110,1
16,910,1
16,118,1
16,997,1
16,342,1
16,850,1
16,131,1
16,345,1
16,998,1
16,760,1
16,999,1
16,24,1
16,1000,1
16,851,1
16,1001,1
16,154,1
16,1002,1
16,1003,1
16,1004,1
16,1005,1
16,1006,1
16,1007,1
16,778,1
16,1008,1
17,213,1
17,1009,1
17,542,1
17,56,1
17,430,1
17,223,1
17,383,1
17,1010,1
17,1011,1
17,232,1
17,549,1
17,1012,1
17,941,1
17,81,1
17,1013,1
17,184,1
17,922,1
17,557,1
17,559,1
17,32,1
17,31,1
17,560,1
17,94,1
17,95,1
17,1014,1
17,38,1
17,564,1
17,566,1
17,1015,1
17,568,1
17,571,1
17,107,1
17,1016,1
17,1017,1
17,0,1
17,121,1
17,120,1
17,1018,1
17,5,1
17,123,1
17,124,1
17,1019,1
17,578,1
17,10,1
17,579,1
17,1020,1
17,787,1
17,1021,1
17,581,1
17,1022,1
17,1023,1
17,141,1
17,582,1
17,453,1
17,1024,1
17,1025,1
17,1026,1
17,1027,1
17,1028,1
17,1029,1
17,584,1
17,789,1
17,457,1
17,458,1
17,1030,1
17,1031,1
17,587,1
17,282,1
17,1032,1
17,210,1
17,1033,1
17,161,1
17,791,1
17,1034,1
17,599,1
17,203,1
17,395,1
17,1035,1
17,600,1
17,1036,1
17,51,1
17,603,1
17,1037,1
17,876,1
17,1038,1
17,177,1
17,1039,1
17,793,1
17,1040,1
17,1041,1
17,1042,1
17,1043,1
17,311,1
17,611,1
17,72,1
17,613,1
17,615,1
17,79,1
17,619,1
17,183,1
17,185,1
17,623,1
17,1044,1
17,406,1
17,1045,1
17,1046,1
17,100,1
17,834,1
17,1047,1
17,835,1
17,1048,1
17,42,1
17,1049,1
17,1050,1
17,410,1
17,411,1
17,1051,1
17,638,1
17,193,1
17,194,1
17,532,1
17,9,1
17,1052,1
17,642,1
17,533,1
17,136,1
17,1053,1
17,347,1
17,1054,1
17,490,1
17,647,1
17,1055,1
17,358,1
17,1056,1
17,151,1
17,153,1
17,158,1
17,655,1
17,209,1
17,657,1
17,1057,1
17,1058,1
17,33,1
17,1059,1
17,35,1
17,1060,1
17,883,1
17,1061,1
17,885,1
17,40,1
17,662,1
17,837,1
17,838,1
17,43,1
17,44,1
17,664,1
17,165,1
17,369,1
17,1062,1
17,375,1
17,1063,1
17,1064,1
17,427,1
17,217,1
17,669,1
17,1065,1
17,55,1
17,57,1
17,889,1
17,60,1
17,673,1
17,1066,1
17,206,1
17,66,1
17,70,1
17,384,1
17,1067,1
17,76,1
17,1068,1
17,840,1
17,504,1
17,80,1
17,237,1
17,239,1
17,23,1
17,241,1
17,83,1
17,1069,1
17,1070,1
17,90,1
17,676,1
17,101,1
17,188,1
17,254,1
17,1071,1
17,1072,1
17,259,1
17,122,1
17,4,1
17,1073,1
17,691,1
17,18,1
17,146,1
17,21,1
17,455,1
17,900,1
17,278,1
17,279,1
17,1074,1
17,28,1
17,460,1
17,702,1
17,704,1
17,160,1
17,705,1
17,1075,1
17,211,1
17,708,1
17,163,1
17,710,1
17,711,1
17,45,1
17,212,1
17,719,1
17,1076,1
17,47,1
17,1077,1
17,464,1
17,1078,1
17,846,1
17,722,1
17,298,1
17,724,1
17,1079,1
17,725,1
17,522,1
17,62,1
17,400,1
17,204,1
17,1080,1
17,1081,1
17,731,1
17,16,1
17,1082,1
17,732,1
17,312,1
17,1083,1
17,1084,1
17,474,1
17,1085,1
17,25,1
17,1086,1
17,86,1
17,88,1
17,186,1
17,89,1
17,1087,1
17,740,1
17,318,1
17,849,1
17,1088,1
17,745,1
17,1089,1
17,46,1
17,1090,1
17,1091,1
17,750,1
17,190,1
17,485,1
17,115,1
17,330,1
17,331,1
17,913,1
17,1092,1
17,914,1
17,337,1
17,915,1
17,127,1
17,1093,1
17,850,1
17,916,1
17,1094,1
17,1095,1
17,417,1
17,760,1
17,1096,1
17,24,1
17,1097,1
17,1001,1
17,154,1
17,828,1
17,196,1
17,198,1
17,769,1
17,500,1
17,770,1
17,201,1
17,1098,1
17,774,1
17,1006,1
17,1099,1
17,50,1
18,213,1
18,1009,1
18,172,1
18,542,1
18,56,1
18,58,1
18,781,1
18,430,1
18,545,1
18,1100,1
18,1101,1
18,940,1
18,1102,1
18,232,1
18,1103,1
18,19,1
18,1012,1
18,1104,1
18,1105,1
18,238,1
18,81,1
18,85,1
18,1106,1
18,865,1
18,91,1
18,31,1
18,94,1
18,1107,1
18,246,1
18,923,1
18,505,1
18,38,1
18,507,1
18,1108,1
18,1109,1
18,189,1
18,571,1
18,1110,1
18,831,1
18,1017,1
18,113,1
18,575,1
18,192,1
18,509,1
18,785,1
18,121,1
18,5,1
18,124,1
18,924,1
18,577,1
18,925,1
18,578,1
18,125,1
18,8,1
18,268,1
18,10,1
18,128,1
18,1111,1
18,129,1
18,579,1
18,869,1
18,1112,1
18,1113,1
18,1114,1
18,581,1
18,1115,1
18,1116,1
18,1117,1
18,143,1
18,1118,1
18,20,1
18,585,1
18,458,1
18,1030,1
18,1031,1
18,587,1
18,459,1
18,591,1
18,928,1
18,210,1
18,1119,1
18,164,1
18,1120,1
18,599,1
18,203,1
18,600,1
18,1036,1
18,519,1
18,603,1
18,1037,1
18,876,1
18,606,1
18,63,1
18,310,1
18,610,1
18,1121,1
18,178,1
18,183,1
18,621,1
18,623,1
18,93,1
18,1122,1
18,1047,1
18,835,1
18,42,1
18,48,1
18,411,1
18,114,1
18,632,1
18,961,1
18,116,1
18,1123,1
18,634,1
18,635,1
18,1124,1
18,637,1
18,532,1
18,9,1
18,343,1
18,195,1
18,346,1
18,1125,1
18,144,1
18,495,1
18,153,1
18,654,1
18,209,1
18,1058,1
18,1059,1
18,660,1
18,1126,1
18,932,1
18,35,1
18,36,1
18,966,1
18,1127,1
18,39,1
18,1061,1
18,662,1
18,41,1
18,1128,1
18,886,1
18,44,1
18,502,1
18,370,1
18,168,1
18,375,1
18,1129,1
18,427,1
18,888,1
18,1130,1
18,1131,1
18,891,1
18,381,1
18,226,1
18,13,1
18,206,1
18,1132,1
18,432,1
18,384,1
18,75,1
18,840,1
18,80,1
18,237,1
18,1070,1
18,1133,1
18,1134,1
18,859,1
18,101,1
18,1135,1
18,679,1
18,258,1
18,259,1
18,1136,1
18,117,1
18,122,1
18,263,1
18,4,1
18,1137,1
18,1138,1
18,272,1
18,1139,1
18,1140,1
18,146,1
18,423,1
18,21,1
18,1141,1
18,149,1
18,208,1
18,1142,1
18,1143,1
18,702,1
18,704,1
18,160,1
18,705,1
18,1144,1
18,288,1
18,984,1
18,212,1
18,719,1
18,1145,1
18,723,1
18,986,1
18,724,1
18,1146,1
18,903,1
18,300,1
18,904,1
18,1147,1
18,62,1
18,1148,1
18,205,1
18,731,1
18,1149,1
18,732,1
18,312,1
18,526,1
18,934,1
18,1150,1
18,314,1
18,315,1
18,993,1
18,994,1
18,995,1
18,186,1
18,89,1
18,739,1
18,476,1
18,1151,1
18,529,1
18,745,1
18,746,1
18,46,1
18,747,1
18,483,1
18,110,1
18,334,1
18,753,1
18,755,1
18,916,1
18,134,1
18,1152,1
18,998,1
18,538,1
18,764,1
18,145,1
18,860,1
18,24,1
18,1153,1
18,201,1
18,774,1
18,775,1
19,56,1
19,940,1
19,94,1
19,267,1
19,129,1
19,210,1
19,285,1
19,632,1
19,635,1
19,153,1
19,1154,1
19,381,1
19,66,1
19,237,1
19,241,1
19,101,1
19,149,1
19,902,1
19,400,1
19,46,1
19,774,1
20,213,1
20,238,1
20,1155,1
20,31,1
20,1156,1
20,38,1
20,579,1
20,1157,1
20,1158,1
20,657,1
20,932,1
20,4,1
20,28,1
20,845,1
20,904,1
20,62,1
20,16,1
20,916,1
20,1160,1
21,213,1
21,56,1
21,1161,1
21,58,1
21,543,1
21,1162,1
21,782,1
21,64,1
21,1163,1
21,1164,1
21,1165,1
21,547,1
21,549,1
21,74,1
21,179,1
21,552,1
21,181,1
21,81,1
21,1155,1
21,557,1
21,558,1
21,559,1
21,91,1
21,94,1
21,246,1
21,505,1
21,568,1
21,1166,1
21,1167,1
21,189,1
21,1110,1
21,107,1
21,573,1
21,1017,1
21,113,1
21,192,1
21,121,1
21,786,1
21,5,1
21,123,1
21,124,1
21,578,1
21,128,1
21,129,1
21,854,1
21,130,1
21,450,1
21,788,1
21,452,1
21,141,1
21,143,1
21,273,1
21,1024,1
21,1168,1
21,583,1
21,20,1
21,1169,1
21,590,1
21,591,1
21,1170,1
21,1171,1
21,283,1
21,1032,1
21,210,1
21,285,1
21,1172,1
21,1173,1
21,595,1
21,596,1
21,291,1
21,164,1
21,1174,1
21,598,1
21,1175,1
21,203,1
21,1176,1
21,1177,1
21,600,1
21,295,1
21,520,1
21,792,1
21,605,1
21,877,1
21,63,1
21,609,1
21,525,1
21,1178,1
21,1179,1
21,856,1
21,878,1
21,71,1
21,1180,1
21,613,1
21,614,1
21,1181,1
21,616,1
21,183,1
21,1182,1
21,1183,1
21,316,1
21,1184,1
21,626,1
21,1122,1
21,835,1
21,1048,1
21,629,1
21,323,1
21,412,1
21,114,1
21,1185,1
21,329,1
21,633,1
21,1186,1
21,638,1
21,1187,1
21,9,1
21,343,1
21,195,1
21,1188,1
21,642,1
21,133,1
21,1053,1
21,882,1
21,350,1
21,1189,1
21,648,1
21,493,1
21,144,1
21,1190,1
21,495,1
21,153,1
21,155,1
21,158,1
21,1191,1
21,658,1
21,659,1
21,660,1
21,1192,1
21,36,1
21,883,1
21,664,1
21,369,1
21,502,1
21,370,1
21,1193,1
21,1129,1
21,379,1
21,1064,1
21,216,1
21,1194,1
21,217,1
21,888,1
21,1130,1
21,1195,1
21,669,1
21,1065,1
21,1131,1
21,174,1
21,60,1
21,13,1
21,893,1
21,1196,1
21,1197,1
21,1198,1
21,206,1
21,66,1
21,1132,1
21,1199,1
21,1200,1
21,70,1
21,76,1
21,1201,1
21,1202,1
21,80,1
21,237,1
21,239,1
21,896,1
21,83,1
21,1069,1
21,438,1
21,841,1
21,101,1
21,1203,1
21,104,1
21,678,1
21,679,1
21,259,1
21,898,1
21,122,1
21,263,1
21,269,1
21,1204,1
21,1205,1
21,135,1
21,15,1
21,1206,1
21,1207,1
21,272,1
21,1208,1
21,692,1
21,983,1
21,1140,1
21,18,1
21,146,1
21,455,1
21,1141,1
21,515,1
21,149,1
21,1209,1
21,278,1
21,30,1
21,705,1
21,706,1
21,1144,1
21,708,1
21,1210,1
21,202,1
21,1077,1
21,49,1
21,902,1
21,1211,1
21,1078,1
21,721,1
21,722,1
21,723,1
21,300,1
21,1212,1
21,424,1
21,1147,1
21,176,1
21,728,1
21,729,1
21,62,1
21,523,1
21,400,1
21,205,1
21,731,1
21,990,1
21,732,1
21,735,1
21,736,1
21,1084,1
21,1213,1
21,425,1
21,1085,1
21,1214,1
21,528,1
21,737,1
21,86,1
21,88,1
21,317,1
21,186,1
21,89,1
21,1215,1
21,476,1
21,1216,1
21,529,1
21,1217,1
21,1218,1
21,102,1
21,747,1
21,1091,1
21,110,1
21,485,1
21,330,1
21,1092,1
21,337,1
21,915,1
21,127,1
21,342,1
21,755,1
21,344,1
21,131,1
21,417,1
21,134,1
21,1219,1
21,763,1
21,766,1
21,822,1
21,24,1
21,1001,1
21,828,1
21,196,1
21,198,1
21,499,1
21,1004,1
21,1220,1
21,769,1
21,770,1
21,774,1
21,778,1
21,1008,1
21,50,1
21,171,1
22,1221,1
22,1222,1
22,1223,1
22,936,1
22,56,1
22,937,1
22,938,1
22,58,1
22,543,1
22,546,1
22,232,1
22,549,1
22,550,1
22,19,1
22,181,1
22,1105,1
22,942,1
22,85,1
22,1224,1
22,1225,1
22,1226,1
22,1227,1
22,94,1
22,246,1
22,95,1
22,1156,1
22,38,1
22,564,1
22,1228,1
22,250,1
22,1108,1
22,1110,1
22,1016,1
22,113,1
22,509,1
22,1229,1
22,1,1
22,576,1
22,121,1
22,446,1
22,577,1
22,1230,1
22,578,1
22,832,1
22,267,1
22,125,1
22,1231,1
22,927,1
22,10,1
22,129,1
22,1232,1
22,452,1
22,138,1
22,271,1
22,1233,1
22,582,1
22,1234,1
22,1235,1
22,457,1
22,590,1
22,1236,1
22,27,1
22,929,1
22,1237,1
22,592,1
22,871,1
22,210,1
22,1238,1
22,594,1
22,161,1
22,596,1
22,597,1
22,948,1
22,519,1
22,602,1
22,1239,1
22,793,1
22,794,1
22,310,1
22,1043,1
22,1240,1
22,311,1
22,958,1
22,610,1
22,72,1
22,1121,1
22,1241,1
22,617,1
22,1242,1
22,620,1
22,316,1
22,93,1
22,1243,1
22,1244,1
22,627,1
22,834,1
22,1048,1
22,42,1
22,1245,1
22,959,1
22,323,1
22,1246,1
22,1247,1
22,1248,1
22,329,1
22,1249,1
22,961,1
22,633,1
22,116,1
22,1250,1
22,635,1
22,636,1
22,637,1
22,343,1
22,1251,1
22,1252,1
22,133,1
22,646,1
22,647,1
22,1253,1
22,351,1
22,142,1
22,1254,1
22,355,1
22,1190,1
22,358,1
22,1056,1
22,153,1
22,964,1
22,1255,1
22,653,1
22,654,1
22,207,1
22,158,1
22,655,1
22,965,1
22,1256,1
22,1257,1
22,1258,1
22,660,1
22,932,1
22,36,1
22,966,1
22,803,1
22,41,1
22,1259,1
22,664,1
22,502,1
22,370,1
22,375,1
22,376,1
22,667,1
22,216,1
22,1260,1
22,669,1
22,57,1
22,889,1
22,969,1
22,224,1
22,60,1
22,1261,1
22,970,1
22,206,1
22,66,1
22,1262,1
22,674,1
22,1263,1
22,1264,1
22,75,1
22,972,1
22,839,1
22,1265,1
22,504,1
22,237,1
22,239,1
22,82,1
22,1266,1
22,241,1
22,83,1
22,90,1
22,101,1
22,104,1
22,254,1
22,255,1
22,259,1
22,898,1
22,4,1
22,1267,1
22,980,1
22,270,1
22,135,1
22,272,1
22,1268,1
22,693,1
22,983,1
22,1140,1
22,18,1
22,423,1
22,1141,1
22,844,1
22,149,1
22,702,1
22,1269,1
22,1270,1
22,705,1
22,708,1
22,709,1
22,289,1
22,200,1
22,711,1
22,984,1
22,518,1
22,715,1
22,719,1
22,49,1
22,1271,1
22,902,1
22,986,1
22,724,1
22,904,1
22,424,1
22,728,1
22,522,1
22,729,1
22,1272,1
22,308,1
22,65,1
22,205,1
22,731,1
22,990,1
22,1273,1
22,1149,1
22,732,1
22,734,1
22,526,1
22,991,1
22,87,1
22,993,1
22,994,1
22,848,1
22,995,1
22,317,1
22,186,1
22,739,1
22,476,1
22,318,1
22,319,1
22,529,1
22,745,1
22,426,1
22,1274,1
22,1218,1
22,530,1
22,1275,1
22,749,1
22,1091,1
22,750,1
22,109,1
22,483,1
22,110,1
22,485,1
22,752,1
22,330,1
22,1276,1
22,997,1
22,914,1
22,1277,1
22,487,1
22,339,1
22,341,1
22,915,1
22,755,1
22,344,1
22,131,1
22,1278,1
22,417,1
22,1279,1
22,760,1
22,763,1
22,1280,1
22,1281,1
22,764,1
22,145,1
22,24,1
22,1097,1
22,1001,1
22,198,1
22,365,1
22,421,1
22,1004,1
22,769,1
22,1282,1
22,1283,1
22,774,1
22,1007,1
22,1284,1
22,371,1
22,1285,1
22,373,1
22,374,1
22,1008,1
23,213,1
23,1286,1
23,56,1
23,852,1
23,58,1
23,81,1
23,1287,1
23,1155,1
23,1156,1
23,566,1
23,1288,1
23,1110,1
23,572,1
23,853,1
23,113,1
23,0,1
23,120,1
23,5,1
23,124,1
23,577,1
23,578,1
23,125,1
23,268,1
23,390,1
23,787,1
23,1289,1
23,511,1
23,1290,1
23,1028,1
23,20,1
23,282,1
23,1032,1
23,594,1
23,161,1
23,292,1
23,164,1
23,1291,1
23,520,1
23,792,1
23,605,1
23,303,1
23,1292,1
23,1240,1
23,610,1
23,616,1
23,79,1
23,183,1
23,405,1
23,93,1
23,1184,1
23,42,1
23,1049,1
23,410,1
23,857,1
23,412,1
23,1293,1
23,633,1
23,413,1
23,1051,1
23,638,1
23,9,1
23,195,1
23,346,1
23,1294,1
23,1253,1
23,418,1
23,801,1
23,151,1
23,1295,1
23,660,1
23,1127,1
23,41,1
23,501,1
23,1259,1
23,165,1
23,1296,1
23,379,1
23,667,1
23,219,1
23,174,1
23,1297,1
23,13,1
23,893,1
23,1200,1
23,384,1
23,386,1
23,239,1
23,101,1
23,1298,1
23,254,1
23,681,1
23,258,1
23,1299,1
23,684,1
23,15,1
23,692,1
23,1300,1
23,18,1
23,146,1
23,21,1
23,515,1
23,275,1
23,697,1
23,279,1
23,394,1
23,704,1
23,49,1
23,720,1
23,1301,1
23,724,1
23,65,1
23,403,1
23,732,1
23,180,1
23,25,1
23,737,1
23,89,1
23,529,1
23,746,1
23,479,1
23,102,1
23,46,1
23,109,1
23,1302,1
23,131,1
23,417,1
23,759,1
23,538,1
23,145,1
23,1096,1
23,421,1
23,770,1
23,171,1
24,213,1
24,58,1
24,232,1
24,864,1
24,555,1
24,1303,1
24,91,1
24,31,1
24,246,1
24,505,1
24,37,1
24,1304,1
24,121,1
24,446,1
24,124,1
24,1019,1
24,268,1
24,129,1
24,130,1
24,1114,1
24,20,1
24,1305,1
24,283,1
24,519,1
24,7,1
24,1306,1
24,610,1
24,183,1
24,621,1
24,881,1
24,1048,1
24,42,1
24,48,1
24,960,1
24,632,1
24,116,1
24,1123,1
24,634,1
24,635,1
24,637,1
24,532,1
24,346,1
24,1053,1
24,495,1
24,1056,1
24,158,1
24,209,1
24,803,1
24,41,1
24,663,1
24,1065,1
24,381,1
24,66,1
24,674,1
24,75,1
24,83,1
24,978,1
24,693,1
24,147,1
24,1141,1
24,460,1
24,845,1
24,1210,1
24,1307,1
24,723,1
24,724,1
24,424,1
24,728,1
24,522,1
24,729,1
24,62,1
24,400,1
24,1084,1
24,1213,1
24,317,1
24,186,1
24,89,1
24,46,1
24,110,1
24,755,1
24,498,1
24,769,1
25,172,1
25,1308,1
25,936,1
25,1309,1
25,1310,1
25,542,1
25,56,1
25,1311,1
25,58,1
25,430,1
25,1312,1
25,1313,1
25,782,1
25,1314,1
25,1164,1
25,1315,1
25,549,1
25,435,1
25,1316,1
25,385,1
25,1317,1
25,238,1
25,81,1
25,1013,1
25,922,1
25,1318,1
25,1319,1
25,1287,1
25,783,1
25,1155,1
25,557,1
25,1320,1
25,558,1
25,31,1
25,94,1
25,38,1
25,1321,1
25,442,1
25,1322,1
25,567,1
25,1166,1
25,571,1
25,574,1
25,1323,1
25,113,1
25,121,1
25,123,1
25,1324,1
25,446,1
25,124,1
25,578,1
25,125,1
25,268,1
25,10,1
25,390,1
25,787,1
25,130,1
25,1289,1
25,788,1
25,870,1
25,511,1
25,1325,1
25,452,1
25,945,1
25,1326,1
25,1327,1
25,1026,1
25,1290,1
25,1028,1
25,20,1
25,1328,1
25,584,1
25,1169,1
25,1170,1
25,1171,1
25,1329,1
25,592,1
25,1032,1
25,872,1
25,285,1
25,461,1
25,161,1
25,1330,1
25,597,1
25,164,1
25,598,1
25,875,1
25,1331,1
25,203,1
25,1176,1
25,395,1
25,1332,1
25,398,1
25,930,1
25,605,1
25,307,1
25,794,1
25,1333,1
25,525,1
25,1180,1
25,72,1
25,616,1
25,79,1
25,618,1
25,183,1
25,879,1
25,880,1
25,1334,1
25,1335,1
25,625,1
25,1336,1
25,1337,1
25,1338,1
25,626,1
25,408,1
25,1048,1
25,629,1
25,42,1
25,1245,1
25,1049,1
25,1339,1
25,481,1
25,48,1
25,105,1
25,323,1
25,1340,1
25,630,1
25,1341,1
25,1342,1
25,631,1
25,857,1
25,1293,1
25,114,1
25,329,1
25,961,1
25,1343,1
25,633,1
25,1051,1
25,637,1
25,836,1
25,195,1
25,1052,1
25,644,1
25,1344,1
25,346,1
25,136,1
25,137,1
25,347,1
25,882,1
25,1345,1
25,348,1
25,140,1
25,647,1
25,1253,1
25,1346,1
25,648,1
25,1347,1
25,144,1
25,1348,1
25,1349,1
25,1350,1
25,419,1
25,1351,1
25,1255,1
25,1352,1
25,1353,1
25,158,1
25,655,1
25,209,1
25,1256,1
25,1057,1
25,1295,1
25,658,1
25,659,1
25,1354,1
25,1355,1
25,966,1
25,39,1
25,803,1
25,43,1
25,367,1
25,1356,1
25,1357,1
25,165,1
25,1358,1
25,1359,1
25,1193,1
25,168,1
25,1360,1
25,1063,1
25,379,1
25,1361,1
25,667,1
25,1362,1
25,1363,1
25,805,1
25,1364,1
25,216,1
25,1260,1
25,806,1
25,888,1
25,1365,1
25,1366,1
25,1367,1
25,1065,1
25,57,1
25,429,1
25,1368,1
25,174,1
25,1369,1
25,380,1
25,1297,1
25,60,1
25,13,1
25,893,1
25,14,1
25,1370,1
25,1200,1
25,1371,1
25,1372,1
25,674,1
25,1264,1
25,384,1
25,22,1
25,1265,1
25,1373,1
25,80,1
25,1374,1
25,23,1
25,1375,1
25,83,1
25,1376,1
25,1377,1
25,101,1
25,809,1
25,810,1
25,678,1
25,842,1
25,1378,1
25,1379,1
25,1380,1
25,1381,1
25,679,1
25,681,1
25,1299,1
25,259,1
25,1136,1
25,1382,1
25,978,1
25,898,1
25,4,1
25,447,1
25,1383,1
25,269,1
25,135,1
25,1384,1
25,686,1
25,15,1
25,1073,1
25,1208,1
25,692,1
25,1385,1
25,1140,1
25,512,1
25,18,1
25,1386,1
25,146,1
25,423,1
25,455,1
25,1387,1
25,1388,1
25,516,1
25,695,1
25,1389,1
25,1390,1
25,275,1
25,1391,1
25,278,1
25,1392,1
25,1393,1
25,394,1
25,813,1
25,706,1
25,211,1
25,1144,1
25,1394,1
25,718,1
25,1395,1
25,1396,1
25,1397,1
25,1398,1
25,464,1
25,720,1
25,1078,1
25,1399,1
25,1400,1
25,1401,1
25,1402,1
25,470,1
25,722,1
25,1403,1
25,903,1
25,299,1
25,1404,1
25,904,1
25,725,1
25,176,1
25,728,1
25,729,1
25,1405,1
25,1080,1
25,1081,1
25,67,1
25,1406,1
25,1407,1
25,1408,1
25,732,1
25,1409,1
25,733,1
25,1410,1
25,735,1
25,1411,1
25,1412,1
25,180,1
25,474,1
25,25,1
25,528,1
25,314,1
25,737,1
25,86,1
25,88,1
25,848,1
25,477,1
25,1413,1
25,529,1
25,906,1
25,744,1
25,1414,1
25,1415,1
25,1088,1
25,746,1
25,1217,1
25,1416,1
25,321,1
25,1417,1
25,108,1
25,110,1
25,1418,1
25,751,1
25,115,1
25,910,1
25,911,1
25,3,1
25,1419,1
25,1420,1
25,1421,1
25,1422,1
25,127,1
25,754,1
25,935,1
25,1302,1
25,1159,1
25,819,1
25,850,1
25,1423,1
25,1424,1
25,416,1
25,1278,1
25,417,1
25,134,1
25,758,1
25,349,1
25,821,1
25,1425,1
25,765,1
25,538,1
25,145,1
25,918,1
25,822,1
25,24,1
25,1426,1
25,497,1
25,498,1
25,154,1
25,196,1
25,1427,1
25,1428,1
25,1429,1
25,1430,1
25,500,1
25,770,1
25,1431,1
25,771,1
25,1098,1
25,774,1
25,50,1
25,171,1
26,213,1
26,1221,1
26,231,1
26,550,1
26,1432,1
26,551,1
26,181,1
26,85,1
26,1433,1
26,1434,1
26,564,1
26,573,1
26,1435,1
26,113,1
26,1229,1
26,124,1
26,510,1
26,588,1
26,164,1
26,600,1
26,1436,1
26,68,1
26,614,1
26,1437,1
26,624,1
26,316,1
26,42,1
26,1185,1
26,633,1
26,413,1
26,332,1
26,639,1
26,1438,1
26,652,1
26,1439,1
26,656,1
26,660,1
26,1440,1
26,174,1
26,386,1
26,241,1
26,1441,1
26,101,1
26,1267,1
26,1442,1
26,1443,1
26,688,1
26,423,1
26,706,1
26,708,1
26,709,1
26,711,1
26,45,1
26,714,1
26,719,1
26,202,1
26,727,1
26,1444,1
26,69,1
26,732,1
26,734,1
26,314,1
26,102,1
26,417,1
26,1281,1
26,1445,1
26,24,1
27,1222,1
27,936,1
27,1446,1
27,56,1
27,1447,1
27,434,1
27,181,1
27,1156,1
27,38,1
27,1288,1
27,113,1
27,191,1
27,0,1
27,121,1
27,5,1
27,124,1
27,125,1
27,129,1
27,449,1
27,453,1
27,584,1
27,459,1
27,591,1
27,594,1
27,164,1
27,599,1
27,951,1
27,1332,1
27,794,1
27,310,1
27,1448,1
27,79,1
27,183,1
27,620,1
27,1449,1
27,93,1
27,1450,1
27,42,1
27,1451,1
27,410,1
27,633,1
27,413,1
27,1051,1
27,639,1
27,9,1
27,1452,1
27,533,1
27,1054,1
27,144,1
27,494,1
27,209,1
27,1453,1
27,366,1
27,36,1
27,165,1
27,370,1
27,376,1
27,216,1
27,1440,1
27,53,1
27,13,1
27,1200,1
27,972,1
27,237,1
27,241,1
27,101,1
27,254,1
27,264,1
27,685,1
27,18,1
27,423,1
27,21,1
27,455,1
27,275,1
27,699,1
27,705,1
27,199,1
27,714,1
27,212,1
27,1454,1
27,717,1
27,202,1
27,49,1
27,728,1
27,62,1
27,205,1
27,67,1
27,1088,1
27,1455,1
27,102,1
27,750,1
27,110,1
27,331,1
27,118,1
27,486,1
27,131,1
27,12,1
27,758,1
27,759,1
27,762,1
27,1004,1
27,774,1
27,167,1
27,171,1
28,1009,1
28,1446,1
28,232,1
28,1103,1
28,550,1
28,1012,1
28,235,1
28,91,1
28,1456,1
28,94,1
28,831,1
28,192,1
28,121,1
28,124,1
28,1457,1
28,129,1
28,141,1
28,210,1
28,1458,1
28,164,1
28,6,1
28,952,1
28,953,1
28,606,1
28,61,1
28,1459,1
28,1240,1
28,1178,1
28,183,1
28,42,1
28,114,1
28,413,1
28,634,1
28,637,1
28,133,1
28,136,1
28,142,1
28,148,1
28,153,1
28,207,1
28,209,1
28,1058,1
28,1059,1
28,660,1
28,36,1
28,1061,1
28,369,1
28,1359,1
28,1460,1
28,379,1
28,217,1
28,669,1
28,380,1
28,60,1
28,206,1
28,75,1
28,1461,1
28,96,1
28,254,1
28,259,1
28,272,1
28,693,1
28,149,1
28,1462,1
28,208,1
28,702,1
28,1269,1
28,705,1
28,709,1
28,1463,1
28,711,1
28,212,1
28,718,1
28,719,1
28,1145,1
28,62,1
28,400,1
28,204,1
28,205,1
28,731,1
28,990,1
28,734,1
28,425,1
28,87,1
28,993,1
28,186,1
28,89,1
28,739,1
28,746,1
28,426,1
28,1218,1
28,102,1
28,1465,1
28,1466,1
28,110,1
28,1467,1
28,1468,1
28,1469,1
28,761,1
28,1470,1
28,154,1
28,198,1
28,201,1
28,774,1
28,1099,1
29,1471,1
29,19,1
29,181,1
29,94,1
29,37,1
29,1472,1
29,251,1
29,1473,1
29,125,1
29,129,1
29,271,1
29,161,1
29,164,1
29,792,1
29,17,1
29,411,1
29,1474,1
29,490,1
29,36,1
29,41,1
29,386,1
29,239,1
29,241,1
29,26,1
29,1475,1
29,1133,1
29,101,1
29,254,1
29,444,1
29,21,1
29,49,1
29,467,1
29,65,1
29,847,1
29,1476,1
29,46,1
29,409,1
29,331,1
29,24,1
29,1477,1
30,56,1
30,81,1
30,85,1
30,1226,1
30,556,1
30,558,1
30,1478,1
30,569,1
30,507,1
30,1110,1
30,1479,1
30,113,1
30,576,1
30,5,1
30,926,1
30,268,1
30,787,1
30,511,1
30,1480,1
30,1290,1
30,20,1
30,587,1
30,588,1
30,1171,1
30,393,1
30,156,1
30,592,1
30,594,1
30,1481,1
30,1482,1
30,599,1
30,1483,1
30,605,1
30,1484,1
30,1485,1
30,793,1
30,1040,1
30,608,1
30,1240,1
30,525,1
30,614,1
30,1448,1
30,616,1
30,1437,1
30,1486,1
30,1487,1
30,1245,1
30,1339,1
30,1293,1
30,1185,1
30,633,1
30,1253,1
30,142,1
30,1488,1
30,1489,1
30,168,1
30,376,1
30,667,1
30,221,1
30,1490,1
30,1491,1
30,1492,1
30,1297,1
30,13,1
30,1493,1
30,1200,1
30,80,1
30,1494,1
30,1495,1
30,1441,1
30,1496,1
30,809,1
30,679,1
30,4,1
30,1497,1
30,1267,1
30,269,1
30,1443,1
30,1498,1
30,686,1
30,1499,1
30,1500,1
30,689,1
30,1206,1
30,693,1
30,208,1
30,1501,1
30,1502,1
30,702,1
30,1269,1
30,704,1
30,199,1
30,1503,1
30,712,1
30,716,1
30,719,1
30,1504,1
30,721,1
30,722,1
30,62,1
30,403,1
30,732,1
30,991,1
30,186,1
30,742,1
30,1464,1
30,1416,1
30,110,1
30,1302,1
30,759,1
30,761,1
30,538,1
30,764,1
30,1505,1
30,1506,1
30,771,1
31,1507,1
31,1508,1
31,223,1
31,231,1
31,865,1
31,92,1
31,94,1
31,514,1
31,27,1
31,161,1
31,949,1
31,520,1
31,794,1
31,405,1
31,410,1
31,1252,1
31,1054,1
31,1509,1
31,36,1
31,370,1
31,60,1
31,972,1
31,386,1
31,237,1
31,82,1
31,241,1
31,244,1
31,101,1
31,254,1
31,1510,1
31,149,1
31,1454,1
31,49,1
31,1511,1
31,522,1
31,312,1
31,425,1
31,1088,1
31,46,1
31,750,1
31,110,1
31,751,1
31,763,1
31,374,1
31,1512,1
32,215,1
32,1222,1
32,172,1
32,1446,1
32,937,1
32,938,1
32,1513,1
32,544,1
32,430,1
32,1514,1
32,1101,1
32,547,1
32,231,1
32,1103,1
32,550,1
32,74,1
32,179,1
32,1012,1
32,1515,1
32,181,1
32,1105,1
32,81,1
32,184,1
32,240,1
32,1516,1
32,1224,1
32,1225,1
32,1226,1
32,1433,1
32,823,1
32,1106,1
32,556,1
32,557,1
32,1434,1
32,92,1
32,1517,1
32,94,1
32,1107,1
32,1518,1
32,505,1
32,37,1
32,1519,1
32,1520,1
32,1288,1
32,1521,1
32,1522,1
32,1110,1
32,853,1
32,113,1
32,575,1
32,191,1
32,0,1
32,192,1
32,1229,1
32,576,1
32,121,1
32,120,1
32,124,1
32,577,1
32,578,1
32,926,1
32,125,1
32,8,1
32,268,1
32,10,1
32,1111,1
32,129,1
32,510,1
32,1112,1
32,1113,1
32,1116,1
32,450,1
32,1117,1
32,273,1
32,1118,1
32,1523,1
32,274,1
32,1524,1
32,1525,1
32,514,1
32,20,1
32,1029,1
32,1526,1
32,789,1
32,1527,1
32,591,1
32,156,1
32,1528,1
32,1032,1
32,210,1
32,1172,1
32,1529,1
32,287,1
32,161,1
32,1458,1
32,596,1
32,164,1
32,948,1
32,1120,1
32,599,1
32,519,1
32,601,1
32,296,1
32,51,1
32,520,1
32,6,1
32,876,1
32,605,1
32,952,1
32,953,1
32,606,1
32,955,1
32,1039,1
32,793,1
32,63,1
32,1040,1
32,1041,1
32,307,1
32,794,1
32,1459,1
32,17,1
32,958,1
32,1530,1
32,1121,1
32,79,1
32,1242,1
32,183,1
32,620,1
32,1044,1
32,624,1
32,1531,1
32,1532,1
32,405,1
32,316,1
32,1533,1
32,93,1
32,1534,1
32,1535,1
32,626,1
32,320,1
32,1487,1
32,1536,1
32,98,1
32,1537,1
32,100,1
32,408,1
32,42,1
32,1538,1
32,1539,1
32,481,1
32,323,1
32,1340,1
32,411,1
32,1247,1
32,1185,1
32,329,1
32,633,1
32,116,1
32,413,1
32,1250,1
32,634,1
32,2,1
32,1540,1
32,639,1
32,9,1
32,1251,1
32,195,1
32,641,1
32,133,1
32,136,1
32,1541,1
32,137,1
32,1054,1
32,646,1
32,1253,1
32,351,1
32,1542,1
32,492,1
32,148,1
32,419,1
32,1543,1
32,652,1
32,1439,1
32,653,1
32,209,1
32,656,1
32,1544,1
32,1059,1
32,660,1
32,366,1
32,36,1
32,39,1
32,1061,1
32,837,1
32,887,1
32,43,1
32,1545,1
32,368,1
32,1546,1
32,370,1
32,1547,1
32,375,1
32,377,1
32,1460,1
32,379,1
32,1440,1
32,52,1
32,669,1
32,1548,1
32,1549,1
32,55,1
32,670,1
32,57,1
32,429,1
32,174,1
32,969,1
32,380,1
32,224,1
32,1297,1
32,59,1
32,60,1
32,672,1
32,13,1
32,970,1
32,14,1
32,1262,1
32,1371,1
32,431,1
32,233,1
32,384,1
32,75,1
32,972,1
32,386,1
32,237,1
32,1550,1
32,182,1
32,239,1
32,82,1
32,895,1
32,974,1
32,90,1
32,1551,1
32,1495,1
32,1552,1
32,1553,1
32,97,1
32,1554,1
32,859,1
32,1555,1
32,101,1
32,254,1
32,1381,1
32,679,1
32,259,1
32,117,1
32,898,1
32,980,1
32,843,1
32,684,1
32,1556,1
32,1557,1
32,132,1
32,15,1
32,689,1
32,272,1
32,1558,1
32,692,1
32,1140,1
32,1559,1
32,18,1
32,1560,1
32,423,1
32,21,1
32,455,1
32,901,1
32,279,1
32,1561,1
32,197,1
32,157,1
32,208,1
32,1562,1
32,1392,1
32,702,1
32,704,1
32,705,1
32,211,1
32,1563,1
32,199,1
32,1564,1
32,200,1
32,710,1
32,984,1
32,715,1
32,45,1
32,1565,1
32,1307,1
32,212,1
32,1454,1
32,719,1
32,202,1
32,49,1
32,465,1
32,1504,1
32,1146,1
32,727,1
32,988,1
32,62,1
32,204,1
32,989,1
32,1566,1
32,65,1
32,401,1
32,205,1
32,1444,1
32,403,1
32,1149,1
32,312,1
32,180,1
32,473,1
32,425,1
32,25,1
32,528,1
32,87,1
32,995,1
32,317,1
32,89,1
32,739,1
32,476,1
32,29,1
32,318,1
32,319,1
32,1413,1
32,529,1
32,1567,1
32,426,1
32,1464,1
32,1218,1
32,1568,1
32,102,1
32,1569,1
32,747,1
32,1275,1
32,108,1
32,109,1
32,1466,1
32,1570,1
32,110,1
32,751,1
32,485,1
32,330,1
32,118,1
32,915,1
32,1302,1
32,1571,1
32,131,1
32,1095,1
32,12,1
32,1572,1
32,998,1
32,758,1
32,1573,1
32,759,1
32,761,1
32,1574,1
32,765,1
32,764,1
32,1575,1
32,145,1
32,1096,1
32,360,1
32,150,1
32,1576,1
32,24,1
32,1577,1
32,1578,1
32,1579,1
32,154,1
32,420,1
32,421,1
32,500,1
32,201,1
32,774,1
32,1007,1
32,1284,1
32,1580,1
32,169,1
32,50,1
32,171,1
33,1286,1
33,1513,1
33,543,1
33,1313,1
33,861,1
33,549,1
33,179,1
33,1105,1
33,238,1
33,81,1
33,85,1
33,558,1
33,1581,1
33,1014,1
33,38,1
33,567,1
33,568,1
33,1166,1
33,509,1
33,785,1
33,121,1
33,5,1
33,268,1
33,854,1
33,390,1
33,1326,1
33,141,1
33,1290,1
33,1028,1
33,583,1
33,20,1
33,591,1
33,27,1
33,1171,1
33,393,1
33,1032,1
33,285,1
33,873,1
33,1582,1
33,595,1
33,161,1
33,164,1
33,1120,1
33,203,1
33,1332,1
33,7,1
33,605,1
33,399,1
33,177,1
33,1240,1
33,525,1
33,311,1
33,856,1
33,1121,1
33,616,1
33,1583,1
33,406,1
33,1184,1
33,1487,1
33,1245,1
33,630,1
33,411,1
33,412,1
33,633,1
33,1051,1
33,532,1
33,9,1
33,489,1
33,1347,1
33,495,1
33,496,1
33,1351,1
33,209,1
33,43,1
33,368,1
33,165,1
33,1584,1
33,369,1
33,168,1
33,375,1
33,379,1
33,1362,1
33,216,1
33,429,1
33,1490,1
33,1585,1
33,1369,1
33,1297,1
33,13,1
33,1201,1
33,1202,1
33,1373,1
33,1374,1
33,841,1
33,101,1
33,810,1
33,679,1
33,681,1
33,683,1
33,1497,1
33,686,1
33,15,1
33,982,1
33,1208,1
33,1586,1
33,692,1
33,1587,1
33,146,1
33,423,1
33,1388,1
33,516,1
33,1588,1
33,275,1
33,278,1
33,1393,1
33,702,1
33,394,1
33,704,1
33,45,1
33,1396,1
33,720,1
33,173,1
33,721,1
33,1146,1
33,904,1
33,725,1
33,726,1
33,1589,1
33,728,1
33,1149,1
33,526,1
33,934,1
33,736,1
33,180,1
33,25,1
33,528,1
33,314,1
33,1590,1
33,88,1
33,1591,1
33,1592,1
33,477,1
33,1417,1
33,3,1
33,753,1
33,488,1
33,850,1
33,416,1
33,131,1
33,417,1
33,134,1
33,763,1
33,765,1
33,538,1
33,766,1
33,822,1
33,24,1
33,1593,1
33,363,1
33,1220,1
33,829,1
34,544,1
34,1594,1
34,550,1
34,1515,1
34,385,1
34,941,1
34,242,1
34,388,1
34,1106,1
34,1595,1
34,1596,1
34,1597,1
34,1581,1
34,1519,1
34,1598,1
34,567,1
34,1599,1
34,253,1
34,107,1
34,1479,1
34,1600,1
34,1601,1
34,191,1
34,1602,1
34,576,1
34,121,1
34,5,1
34,124,1
34,578,1
34,10,1
34,129,1
34,1603,1
34,1526,1
34,1604,1
34,587,1
34,588,1
34,591,1
34,156,1
34,872,1
34,164,1
34,599,1
34,203,1
34,601,1
34,1605,1
34,603,1
34,520,1
34,1606,1
34,792,1
34,855,1
34,876,1
34,1607,1
34,1608,1
34,608,1
34,68,1
34,1530,1
34,79,1
34,1609,1
34,1610,1
34,620,1
34,622,1
34,624,1
34,316,1
34,406,1
34,1611,1
34,1184,1
34,1612,1
34,98,1
34,1537,1
34,1613,1
34,105,1
34,1340,1
34,411,1
34,1614,1
34,114,1
34,1185,1
34,1249,1
34,413,1
34,2,1
34,636,1
34,640,1
34,1052,1
34,1615,1
34,137,1
34,140,1
34,1509,1
34,419,1
34,964,1
34,1439,1
34,655,1
34,803,1
34,884,1
34,1616,1
34,41,1
34,1617,1
34,43,1
34,44,1
34,1618,1
34,1619,1
34,376,1
34,1620,1
34,377,1
34,216,1
34,427,1
34,52,1
34,429,1
34,1621,1
34,11,1
34,59,1
34,382,1
34,1622,1
34,1623,1
34,14,1
34,239,1
34,387,1
34,1624,1
34,1551,1
34,1495,1
34,1625,1
34,1626,1
34,1554,1
34,1376,1
34,101,1
34,1380,1
34,1381,1
34,681,1
34,1299,1
34,261,1
34,445,1
34,1497,1
34,270,1
34,684,1
34,1557,1
34,687,1
34,139,1
34,275,1
34,1627,1
34,700,1
34,701,1
34,394,1
34,211,1
34,1628,1
34,199,1
34,1394,1
34,710,1
34,712,1
34,212,1
34,717,1
34,202,1
34,49,1
34,298,1
34,300,1
34,727,1
34,522,1
34,62,1
34,204,1
34,1566,1
34,403,1
34,1082,1
34,69,1
34,526,1
34,1629,1
34,1630,1
34,1631,1
34,742,1
34,1632,1
34,1088,1
34,746,1
34,102,1
34,747,1
34,409,1
34,1633,1
34,1634,1
34,115,1
34,3,1
34,337,1
34,338,1
34,1635,1
34,131,1
34,417,1
34,1572,1
34,758,1
34,759,1
34,1574,1
34,1636,1
34,1096,1
34,822,1
34,150,1
34,1637,1
34,767,1
34,1638,1
34,421,1
34,1220,1
34,1639,1
34,1640,1
34,1641,1
35,213,1
35,1222,1
35,1009,1
35,54,1
35,56,1
35,58,1
35,543,1
35,1642,1
35,544,1
35,1447,1
35,546,1
35,940,1
35,231,1
35,232,1
35,235,1
35,238,1
35,81,1
35,240,1
35,1516,1
35,437,1
35,1224,1
35,1225,1
35,1287,1
35,783,1
35,555,1
35,558,1
35,91,1
35,32,1
35,31,1
35,94,1
35,246,1
35,505,1
35,506,1
35,38,1
35,249,1
35,250,1
35,567,1
35,1167,1
35,571,1
35,1110,1
35,107,1
35,1479,1
35,1601,1
35,256,1
35,113,1
35,191,1
35,192,1
35,1602,1
35,121,1
35,5,1
35,1324,1
35,124,1
35,924,1
0,1251,0
0,656,0
0,381,0
0,287,0
0,137,0
0,839,0
0,458,0
0,121,0
0,122,0
0,525,0
0,1253,0
0,1292,0
0,80,0
0,280,0
0,281,0
0,94,0
0,182,0
0,904,0
0,155,0
0,519,0
0,424,0
0,1444,0
0,1566,0
0,1323,0
0,599,0
0,769,0
0,1074,0
0,499,0
0,698,0
0,740,0
0,171,0
0,212,0
0,1097,0
0,346,0
0,173,0
0,584,0
0,152,0
0,596,0
0,871,0
0,885,0
0,164,0
0,1088,0
0,474,0
0,62,0
0,1544,0
0,1522,0
0,401,0
0,1533,0
0,532,0
0,213,0
1,311,0
1,341,0
1,904,0
1,412,0
1,1339,0
1,1017,0
1,1001,0
1,1190,0
1,31,0
1,1078,0
1,254,0
1,1619,0
1,440,0
1,654,0
1,1447,0
1,1155,0
1,640,0
1,452,0
1,1553,0
1,1271,0
1,492,0
1,719,0
1,915,0
1,1376,0
1,659,0
1,1587,0
1,323,0
1,1084,0
1,1301,0
1,500,0
1,550,0
1,426,0
1,1200,0
1,996,0
1,591,0
1,384,0
1,944,0
1,209,0
1,739,0
1,220,0
1,429,0
1,259,0
1,346,0
1,1149,0
1,938,0
1,1472,0
1,285,0
1,1585,0
1,351,0
1,557,0
1,1354,0
1,1072,0
1,380,0
1,403,0
1,250,0
1,622,0
1,823,0
1,990,0
1,991,0
1,454,0
1,464,0
1,599,0
1,892,0
1,199,0
1,1118,0
1,1108,0
1,747,0
1,24,0
1,49,0
1,1358,0
1,1,0
1,587,0
1,189,0
1,859,0
1,1408,0
1,32,0
1,434,0
1,352,0
1,754,0
1,1501,0
1,1443,0
1,1201,0
1,1184,0
1,1031,0
1,361,0
1,1004,0
1,1180,0
1,1028,0
1,755,0
1,368,0
1,510,0
1,1525,0
1,1226,0
1,42,0
1,269,0
1,1121,0
1,271,0
1,1393,0
1,424,0
1,278,0
1,667,0
1,1299,0
1,23,0
1,48,0
1,770,0
1,749,0
1,181,0
1,1416,0
1,1591,0
1,634,0
1,1298,0
1,544,0
1,787,0
1,1112,0
1,18,0
1,646,0
1,910,0
1,359,0
1,723,0
1,1519,0
1,435,0
1,191,0
1,505,0
1,206,0
1,183,0
1,320,0
2,723,0
2,1490,0
2,259,0
2,468,0
2,105,0
2,616,0
2,46,0
2,583,0
2,62,0
2,1200,0
2,722,0
2,1469,0
2,713,0
2,721,0
2,1433,0
2,168,0
2,343,0
2,994,0
2,288,0
2,779,0
2,1315,0
2,978,0
2,106,0
2,381,0
2,92,0
2,71,0
2,330,0
2,1626,0
2,275,0
2,412,0
2,166,0
2,642,0
2,427,0
2,1079,0
2,421,0
2,126,0
2,19,0
2,1065,0
2,875,0
2,518,0
2,425,0
2,342,0
2,328,0
2,1559,0
2,28,0
2,774,0
2,434,0
2,251,0
3,239,0
3,1057,0
3,61,0
3,174,0
3,575,0
3,399,0
3,170,0
3,254,0
3,146,0
3,1351,0
3,638,0
3,132,0
3,1371,0
3,1584,0
3,720,0
3,370,0
3,577,0
3,335,0
4,1273,0
4,1058,0
4,557,0
4,1469,0
4,158,0
4,468,0
4,209,0
4,206,0
4,381,0
4,423,0
4,782,0
4,1075,0
4,164,0
4,1039,0
4,1488,0
4,745,0
4,411,0
4,549,0
4,1270,0
4,101,0
4,654,0
4,771,0
4,1098,0
4,885,0
4,728,0
4,577,0
4,761,0
4,1302,0
4,1131,0
4,1439,0
4,1551,0
4,674,0
4,519,0
4,568,0
4,132,0
4,1028,0
4,20,0
4,412,0
4,30,0
4,12,0
4,31,0
4,189,0
4,136,0
4,930,0
4,1110,0
4,594,0
4,684,0
4,182,0
4,179,0
4,786,0
4,995,0
4,945,0
4,828,0
4,1518,0
4,199,0
4,904,0
4,1497,0
4,966,0
4,1161,0
4,865,0
4,1103,0
4,1185,0
4,487,0
4,45,0
4,1477,0
4,174,0
4,900,0
4,400,0
4,735,0
4,99,0
4,458,0
4,529,0
4,426,0
4,160,0
4,124,0
4,753,0
4,651,0
4,417,0
4,1482,0
4,163,0
4,50,0
4,739,0
4,2,0
4,424,0
4,1435,0
4,785,0
4,1046,0
4,704,0
4,113,0
4,105,0
4,974,0
4,1003,0
4,147,0
4,842,0
4,198,0
4,95,0
4,500,0
4,575,0
4,774,0
4,1526,0
4,1294,0
4,532,0
4,201,0
4,1208,0
4,694,0
4,183,0
4,1049,0
4,715,0
4,1054,0
4,722,0
4,839,0
4,211,0
4,79,0
4,110,0
4,187,0
4,452,0
4,616,0
4,1000,0
4,1438,0
4,822,0
4,1349,0
4,850,0
4,718,0
4,1446,0
4,127,0
4,522,0
4,14,0
4,940,0
4,984,0
4,477,0
4,881,0
4,714,0
4,787,0
4,659,0
4,93,0
4,434,0
4,121,0
4,177,0
4,476,0
4,605,0
4,621,0
4,725,0
4,534,0
4,142,0
4,1396,0
4,681,0
4,578,0
4,960,0
4,1094,0
4,1043,0
4,792,0
4,1271,0
4,56,0
4,469,0
4,763,0
4,406,0
4,950,0
4,766,0
4,550,0
4,1372,0
4,134,0
4,1193,0
4,633,0
4,760,0
4,1265,0
4,1297,0
4,736,0
4,1178,0
4,52,0
4,1053,0
4,1531,0
4,96,0
4,1625,0
4,1570,0
4,1506,0
4,408,0
4,1338,0
4,732,0
4,461,0
4,48,0
4,1064,0
4,959,0
4,742,0
4,856,0
4,1611,0
4,40,0
4,90,0
4,820,0
4,727,0
4,82,0
4,1511,0
4,915,0
4,591,0
4,1491,0
4,506,0
5,529,0
5,1102,0
5,17,0
5,75,0
5,350,0
5,1310,0
5,634,0
5,21,0
5,929,0
5,876,0
5,20,0
5,377,0
5,285,0
5,648,0
5,330,0
5,1156,0
5,574,0
5,82,0
5,1286,0
5,219,0
5,759,0
5,1111,0
5,608,0
5,449,0
5,1405,0
5,139,0
5,915,0
5,297,0
5,591,0
5,190,0
5,862,0
5,254,0
5,713,0
5,282,0
5,114,0
5,45,0
5,988,0
5,205,0
5,49,0
5,93,0
5,218,0
5,349,0
5,1223,0
5,1181,0
5,259,0
5,1081,0
5,1066,0
5,702,0
5,240,0
5,1365,0
5,77,0
5,275,0
5,1141,0
5,58,0
5,1012,0
5,813,0
5,1262,0
5,657,0
5,851,0
5,229,0
5,1642,0
5,13,0
5,369,0
5,1008,0
5,667,0
5,202,0
5,125,0
5,888,0
6,338,0
6,725,0
6,0,0
6,52,0
6,1625,0
6,532,0
6,163,0
6,201,0
6,699,0
6,763,0
6,357,0
6,766,0
6,101,0
6,511,0
6,31,0
6,258,0
6,614,0
6,1612,0
6,267,0
6,960,0
6,98,0
6,991,0
6,522,0
6,237,0
6,815,0
6,1071,0
6,198,0
6,203,0
7,1035,0
7,133,0
7,385,0
7,1340,0
7,1605,0
7,1260,0
7,683,0
7,1456,0
7,626,0
7,93,0
7,758,0
7,274,0
7,1101,0
7,1396,0
7,515,0
7,1494,0
7,1183,0
7,371,0
7,191,0
7,857,0
7,423,0
7,123,0
7,231,0
7,116,0
7,165,0
7,399,0
7,1055,0
7,190,0
7,137,0
7,69,0
7,993,0
7,285,0
7,1164,0
7,1065,0
7,592,0
7,48,0
7,1218,0
7,381,0
7,209,0
7,233,0
7,66,0
7,574,0
7,174,0
7,961,0
7,770,0
7,1098,0
7,571,0
7,549,0
7,1061,0
7,837,0
7,238,0
7,1036,0
7,124,0
7,160,0
7,232,0
7,312,0
7,814,0
7,1224,0
7,386,0
7,356,0
7,593,0
7,598,0
7,563,0
7,522,0
7,788,0
7,13,0
7,595,0
7,742,0
7,1425,0
7,244,0
7,412,0
7,32,0
7,903,0
7,1007,0
7,1547,0
7,523,0
7,591,0
7,1331,0
7,1610,0
7,1390,0
7,169,0
7,321,0
7,578,0
7,1467,0
7,343,0
7,1168,0
7,0,0
7,314,0
7,318,0
7,532,0
7,1251,0
7,295,0
7,529,0
7,122,0
7,1551,0
7,1503,0
7,24,0
7,159,0
7,108,0
7,1053,0
7,974,0
7,732,0
7,1253,0
7,556,0
7,146,0
7,272,0
7,920,0
7,9,0
7,212,0
7,995,0
7,79,0
7,36,0
7,567,0
7,810,0
7,1069,0
7,1328,0
7,210,0
7,785,0
7,819,0
7,876,0
7,374,0
7,288,0
7,372,0
7,927,0
7,1016,0
7,972,0
7,719,0
7,291,0
7,369,0
7,647,0
7,246,0
7,1169,0
7,279,0
7,881,0
7,1121,0
7,569,0
8,1621,0
8,1491,0
8,140,0
8,462,0
8,94,0
8,410,0
8,864,0
8,268,0
8,47,0
8,1613,0
8,1110,0
8,316,0
8,675,0
8,822,0
8,72,0
8,489,0
8,1326,0
8,705,0
8,718,0
8,135,0
8,43,0
8,1146,0
8,1635,0
8,322,0
8,1024,0
8,348,0
8,81,0
8,629,0
8,878,0
8,1313,0
8,432,0
8,181,0
8,681,0
8,32,0
8,1015,0
8,83,0
8,44,0
8,1581,0
8,745,0
8,724,0
8,1242,0
8,805,0
8,314,0
8,124,0
8,209,0
8,692,0
8,66,0
8,121,0
8,605,0
8,1144,0
8,202,0
8,613,0
8,898,0
8,105,0
8,637,0
8,1440,0
8,88,0
8,711,0
8,446,0
8,58,0
8,141,0
8,1156,0
8,1333,0
8,568,0
8,667,0
8,338,0
8,1505,0
8,633,0
8,246,0
8,95,0
8,731,0
8,400,0
8,978,0
8,1447,0
8,1297,0
8,719,0
8,937,0
8,584,0
8,988,0
8,924,0
8,74,0
8,116,0
8,56,0
8,1059,0
8,1192,0
8,1502,0
8,35,0
8,481,0
8,1436,0
8,1480,0
8,196,0
8,828,0
8,660,0
8,789,0
8,337,0
8,195,0
8,132,0
8,418,0
8,1428,0
8,672,0
8,492,0
8,1196,0
8,24,0
9,1616,0
9,974,0
9,932,0
9,1070,0
9,1534,0
9,127,0
9,1553,0
9,244,0
9,213,0
9,1529,0
9,500,0
9,880,0
9,29,0
9,219,0
9,1116,0
9,842,0
9,146,0
9,141,0
9,345,0
9,1266,0
9,1336,0
9,59,0
9,1136,0
9,414,0
9,1253,0
9,936,0
9,1032,0
9,325,0
9,1078,0
9,1599,0
9,65,0
9,845,0
9,125,0
9,980,0
9,827,0
9,1568,0
9,829,0
9,118,0
9,1314,0
9,60,0
9,515,0
9,902,0
9,1271,0
9,1210,0
9,1144,0
9,898,0
9,888,0
9,887,0
9,1228,0
9,1297,0
9,499,0
9,1100,0
9,191,0
9,300,0
9,237,0
9,788,0
9,195,0
9,1587,0
9,524,0
9,365,0
9,510,0
9,1257,0
9,137,0
9,381,0
9,260,0
9,540,0
9,1385,0
9,1459,0
9,971,0
9,1001,0
9,270,0
9,876,0
9,63,0
9,1234,0
9,446,0
9,993,0
9,826,0
9,1316,0
9,254,0
9,494,0
9,1006,0
9,338,0
9,1567,0
9,883,0
9,1391,0
9,232,0
9,990,0
9,803,0
9,90,0
9,1545,0
9,140,0
9,1602,0
9,1435,0
9,429,0
9,1398,0
9,134,0
9,448,0
9,225,0
9,496,0
9,1516,0
9,1107,0
9,1149,0
9,1026,0
9,396,0
9,344,0
9,121,0
9,787,0
9,210,0
9,986,0
9,66,0
9,41,0
9,1235,0
9,46,0
9,1139,0
9,1287,0
9,945,0
9,476,0
9,1268,0
9,975,0
9,1096,0
9,987,0
9,1212,0
9,1256,0
9,835,0
9,1185,0
9,1142,0
9,1556,0
9,394,0
9,1589,0
9,878,0
9,114,0
9,1085,0
9,1475,0
9,1416,0
9,1448,0
9,315,0
9,1105,0
9,1264,0
9,379,0
9,1184,0
9,1633,0
9,1403,0
9,855,0
9,513,0
9,1101,0
9,488,0
9,1057,0
9,432,0
9,487,0
9,309,0
9,223,0
9,175,0
9,91,0
9,78,0
9,491,0
9,321,0
9,874,0
9,997,0
9,479,0
9,1267,0
9,841,0
9,907,0
9,853,0
9,938,0
9,169,0
9,511,0
9,224,0
9,1441,0
9,867,0
9,828,0
9,943,0
9,49,0
9,323,0
9,1195,0
9,972,0
9,463,0
9,532,0
9,1250,0
9,483,0
9,863,0
9,375,0
9,1028,0
9,1530,0
9,273,0
9,821,0
9,481,0
9,122,0
9,1362,0
9,1281,0
9,438,0
9,47,0
9,149,0
9,856,0
9,904,0
9,1623,0
9,445,0
9,1226,0
9,1355,0
9,1394,0
9,303,0
9,387,0
9,343,0
9,1346,0
9,1378,0
9,54,0
9,400,0
9,458,0
9,318,0
9,925,0
9,401,0
9,789,0
9,1169,0
9,437,0
9,1145,0
9,536,0
9,1368,0
9,0,0
9,261,0
9,459,0
9,57,0
9,994,0
9,1337,0
9,1111,0
9,822,0
9,1509,0
9,1582,0
9,1148,0
9,1295,0
9,958,0
9,363,0
9,132,0
9,1110,0
9,806,0
9,1290,0
9,1265,0
9,1302,0
9,1208,0
9,50,0
9,255,0
9,264,0
9,501,0
9,1347,0
9,1054,0
9,75,0
9,810,0
9,436,0
9,1292,0
9,455,0
9,208,0
9,857,0
9,942,0
9,794,0
9,45,0
9,837,0
9,1084,0
9,22,0
9,1527,0
9,1401,0
9,1538,0
9,1414,0
9,1068,0
9,903,0
9,1260,0
9,403,0
9,1352,0
9,319,0
9,921,0
9,873,0
9,150,0
9,809,0
9,148,0
9,1332,0
9,952,0
9,564,0
9,924,0
9,262,0
9,951,0
9,1493,0
9,861,0
9,982,0
9,916,0
9,1350,0
9,188,0
9,97,0
9,998,0
9,1117,0
9,929,0
9,246,0
9,280,0
9,165,0
9,282,0
9,391,0
9,1288,0
9,356,0
9,1047,0
9,192,0
9,502,0
9,34,0
9,212,0
9,1211,0
9,1454,0
9,1331,0
9,1390,0
9,1466,0
9,423,0
9,167,0
9,1114,0
9,1034,0
9,783,0
9,1433,0
9,1377,0
9,798,0
9,243,0
9,173,0
9,172,0
9,933,0
9,457,0
9,1317,0
9,1141,0
9,881,0
9,100,0
9,302,0
9,142,0
9,154,0
9,1453,0
9,509,0
9,877,0
9,314,0
9,1372,0
9,1063,0
9,259,0
9,1094,0
9,308,0
9,989,0
9,143,0
9,295,0
9,1124,0
9,1147,0
9,456,0
9,1000,0
9,820,0
9,811,0
9,1061,0
9,33,0
9,825,0
9,185,0
9,1536,0
9,1017,0
9,1497,0
9,1052,0
9,434,0
9,1434,0
9,182,0
9,793,0
9,1120,0
9,1014,0
9,269,0
9,1132,0
9,490,0
9,1011,0
9,217,0
9,914,0
9,1240,0
9,1596,0
9,366,0
9,239,0
9,1479,0
9,431,0
9,1048,0
9,1056,0
9,918,0
9,276,0
9,1214,0
9,1515,0
9,1562,0
9,1013,0
9,1172,0
9,1374,0
9,486,0
9,1472,0
9,82,0
9,1411,0
9,194,0
9,92,0
9,117,0
9,1335,0
9,1016,0
9,1088,0
9,1371,0
9,1225,0
9,1229,0
9,528,0
9,1300,0
9,819,0
9,514,0
9,1008,0
9,433,0
9,963,0
10,1174,0
10,658,0
10,972,0
10,191,0
10,1285,0
10,400,0
10,998,0
10,1208,0
10,1024,0
10,582,0
10,566,0
10,172,0
10,19,0
10,374,0
10,308,0
10,272,0
10,104,0
10,310,0
10,753,0
10,751,0
10,836,0
10,756,0
10,156,0
10,932,0
10,411,0
10,160,0
10,114,0
10,948,0
10,20,0
10,343,0
10,1120,0
10,502,0
10,1280,0
10,991,0
10,88,0
10,118,0
10,316,0
10,102,0
10,595,0
10,1019,0
10,107,0
10,1036,0
10,1248,0
10,854,0
10,550,0
10,1381,0
10,177,0
10,1182,0
10,278,0
10,132,0
10,895,0
10,121,0
10,1188,0
10,14,0
10,901,0
10,142,0
10,188,0
10,667,0
10,432,0
10,292,0
10,1449,0
10,298,0
10,646,0
10,37,0
10,347,0
10,508,0
10,447,0
10,752,0
10,1012,0
10,72,0
10,1127,0
10,46,0
10,314,0
10,876,0
10,990,0
10,1211,0
10,1167,0
10,1080,0
10,592,0
10,387,0
10,498,0
10,200,0
10,1292,0
10,1068,0
10,755,0
10,1297,0
10,414,0
10,158,0
10,518,0
10,739,0
10,386,0
10,1430,0
10,1286,0
10,936,0
10,24,0
10,83,0
10,50,0
10,472,0
10,1460,0
10,681,0
10,1033,0
10,754,0
10,57,0
10,329,0
10,80,0
10,1334,0
10,175,0
10,228,0
10,48,0
10,509,0
10,1511,0
10,27,0
10,732,0
10,1032,0
10,355,0
10,1369,0
10,253,0
10,66,0
10,1302,0
10,39,0
10,1425,0
10,238,0
10,212,0
10,882,0
10,902,0
10,1124,0
10,628,0
10,601,0
10,1146,0
10,60,0
10,731,0
10,461,0
10,742,0
10,1048,0
11,1085,0
11,522,0
11,614,0
11,529,0
11,1491,0
11,1002,0
11,283,0
11,1321,0
11,705,0
11,270,0
11,122,0
11,530,0
11,739,0
11,250,0
11,342,0
11,1368,0
11,1346,0
11,424,0
11,623,0
11,1409,0
12,1308,0
12,1400,0
12,718,0
12,379,0
12,808,0
12,452,0
12,543,0
12,711,0
12,1058,0
12,279,0
12,770,0
12,1426,0
12,1095,0
12,203,0
12,351,0
12,981,0
12,230,0
12,165,0
12,514,0
12,640,0
12,477,0
12,71,0
12,410,0
12,172,0
12,300,0
12,102,0
12,1127,0
12,397,0
12,798,0
12,384,0
12,407,0
12,26,0
12,865,0
12,722,0
12,1624,0
12,390,0
12,25,0
12,423,0
12,516,0
12,20,0
12,8,0
12,12,0
12,259,0
12,803,0
12,49,0
12,195,0
12,317,0
12,1260,0
12,792,0
12,525,0
12,1388,0
12,1161,0
12,43,0
12,1155,0
12,505,0
12,191,0
12,1289,0
12,90,0
12,135,0
12,714,0
12,285,0
12,520,0
12,457,0
12,699,0
12,875,0
12,924,0
12,582,0
12,584,0
12,455,0
12,906,0
12,966,0
12,818,0
12,984,0
12,1171,0
12,209,0
12,93,0
12,161,0
12,1619,0
12,13,0
12,86,0
12,369,0
12,1001,0
12,435,0
12,739,0
12,901,0
12,1207,0
12,206,0
12,221,0
12,1459,0
12,567,0
12,729,0
12,1084,0
12,891,0
12,271,0
12,1591,0
12,344,0
12,61,0
12,594,0
12,524,0
12,1513,0
12,1043,0
12,882,0
12,686,0
12,434,0
12,1442,0
13,1468,0
13,1006,0
13,806,0
13,637,0
13,23,0
13,414,0
13,323,0
13,562,0
13,1096,0
13,497,0
13,80,0
13,1088,0
13,792,0
13,282,0
13,121,0
13,1373,0
13,274,0
13,910,0
13,1022,0
13,36,0
13,500,0
13,85,0
14,375,0
14,1497,0
14,717,0
14,286,0
14,951,0
14,1185,0
14,1403,0
14,700,0
14,268,0
14,1433,0
14,9,0
14,635,0
14,1080,0
14,1381,0
14,1107,0
14,106,0
14,14,0
14,435,0
14,152,0
14,597,0
14,759,0
14,1481,0
14,794,0
14,6,0
14,10,0
14,265,0
14,1169,0
14,25,0
14,334,0
14,283,0
14,120,0
14,24,0
14,545,0
14,473,0
14,195,0
14,495,0
14,68,0
14,637,0
14,39,0
14,1470,0
14,1096,0
14,785,0
14,709,0
14,764,0
14,209,0
14,199,0
14,1329,0
14,196,0
14,345,0
14,1252,0
14,210,0
14,31,0
14,922,0
14,947,0
14,94,0
14,429,0
14,961,0
14,314,0
14,92,0
14,73,0
14,1158,0
14,385,0
14,1426,0
14,1294,0
14,1156,0
14,1,0
14,1463,0
14,140,0
14,1557,0
14,1458,0
14,603,0
14,638,0
14,1408,0
14,1488,0
14,294,0
14,942,0
14,112,0
14,1047,0
14,263,0
14,928,0
14,49,0
14,1443,0
14,4,0
14,1199,0
14,1063,0
14,1186,0
14,259,0
14,845,0
14,664,0
14,593,0
14,1041,0
14,349,0
14,570,0
14,423,0
14,1401,0
14,7,0
14,617,0
14,616,0
14,477,0
14,394,0
14,58,0
14,986,0
14,725,0
14,211,0
14,63,0
14,1209,0
14,931,0
14,1599,0
14,85,0
14,624,0
14,84,0
14,1132,0
14,474,0
14,203,0
14,641,0
14,126,0
14,19,0
14,48,0
14,81,0
14,426,0
14,1021,0
14,1302,0
14,1059,0
14,735,0
14,430,0
14,1201,0
14,1386,0
14,767,0
14,330,0
14,1077,0
14,639,0
14,1337,0
14,50,0
14,993,0
14,476,0
14,33,0
14,1245,0
14,1626,0
14,232,0
14,1202,0
14,784,0
14,750,0
14,18,0
14,1495,0
14,556,0
14,1516,0
14,633,0
14,1139,0
14,995,0
14,413,0
14,544,0
14,191,0
14,924,0
14,122,0
14,156,0
14,145,0
14,485,0
14,267,0
14,262,0
14,317,0
14,302,0
14,1004,0
14,151,0
14,438,0
14,667,0
14,660,0
14,481,0
14,543,0
14,1056,0
14,1574,0
14,1524,0
14,37,0
14,142,0
14,1082,0
14,273,0
14,693,0
14,1376,0
14,581,0
14,778,0
14,1140,0
14,1029,0
14,277,0
14,1122,0
14,1419,0
14,1540,0
14,1009,0
14,240,0
14,307,0
14,1306,0
14,1171,0
14,271,0
14,1086,0
14,487,0
14,167,0
14,69,0
14,417,0
14,41,0
14,1318,0
15,642,0
15,519,0
15,595,0
15,129,0
15,1388,0
15,43,0
15,1592,0
15,1314,0
15,889,0
15,400,0
15,418,0
15,259,0
15,841,0
15,1059,0
15,792,0
15,1096,0
15,141,0
15,535,0
15,1085,0
15,769,0
15,1028,0
15,760,0
15,3,0
15,1516,0
15,656,0
15,761,0
15,731,0
15,732,0
15,1141,0
15,0,0
15,937,0
15,370,0
16,1302,0
16,896,0
16,695,0
16,257,0
16,532,0
16,1595,0
16,862,0
16,759,0
16,442,0
16,202,0
16,450,0
16,688,0
16,907,0
16,526,0
16,124,0
16,1051,0
16,1425,0
16,385,0
16,1184,0
16,1381,0
16,576,0
16,157,0
16,1171,0
16,1146,0
16,490,0
16,1189,0
16,348,0
16,1039,0
16,749,0
16,231,0
16,1304,0
16,218,0
16,558,0
16,209,0
16,801,0
16,162,0
16,819,0
16,1013,0
16,3,0
16,312,0
16,702,0
16,642,0
16,1224,0
16,123,0
16,135,0
16,935,0
16,188,0
16,1411,0
16,752,0
16,5,0
16,6,0
16,1131,0
16,660,0
16,818,0
16,723,0
16,17,0
16,389,0
16,351,0
16,599,0
16,770,0
16,686,0
16,417,0
16,419,0
16,106,0
16,393,0
16,718,0
16,1366,0
16,1642,0
16,386,0
16,1112,0
16,580,0
16,584,0
16,1397,0
16,789,0
16,1059,0
16,410,0
16,195,0
16,913,0
16,169,0
16,549,0
16,538,0
16,1279,0
16,1633,0
16,881,0
16,738,0
16,401,0
16,394,0
16,792,0
16,1049,0
16,392,0
16,41,0
16,704,0
16,1078,0
16,63,0
16,460,0
16,349,0
16,920,0
16,176,0
16,45,0
16,476,0
16,1095,0
16,1460,0
16,1297,0
16,73,0
16,1322,0
16,23,0
16,1557,0
16,193,0
16,1245,0
16,1631,0
16,43,0
16,18,0
16,287,0
16,1613,0
16,543,0
16,1134,0
16,142,0
16,1076,0
16,452,0
16,1453,0
16,638,0
16,578,0
16,806,0
16,1513,0
16,25,0
16,530,0
16,614,0
16,547,0
16,38,0
16,1369,0
16,1449,0
16,488,0
16,190,0
16,893,0
16,105,0
16,161,0
16,328,0
16,361,0
16,116,0
16,1088,0
16,521,0
16,493,0
16,1178,0
16,204,0
16,796,0
16,651,0
16,55,0
16,1337,0
16,61,0
16,1510,0
16,1435,0
16,230,0
16,1166,0
16,130,0
16,566,0
16,1286,0
16,1347,0
16,1456,0
16,1630,0
16,198,0
16,659,0
16,1584,0
16,278,0
16,1299,0
16,607,0
16,1136,0
16,49,0
16,1492,0
16,186,0
16,613,0
16,1229,0
16,735,0
16,1590,0
16,365,0
16,1444,0
16,260,0
16,35,0
16,764,0
16,217,0
16,1421,0
16,426,0
16,898,0
16,630,0
16,448,0
16,573,0
16,28,0
16,1069,0
16,1091,0
16,30,0
16,1572,0
16,136,0
16,400,0
16,774,0
16,80,0
16,1129,0
16,103,0
16,579,0
16,199,0
16,1213,0
16,145,0
16,692,0
16,1454,0
16,649,0
16,756,0
16,1020,0
16,531,0
16,291,0
16,1246,0
17,591,0
17,965,0
17,157,0
17,674,0
17,346,0
17,1297,0
17,856,0
17,191,0
17,525,0
17,150,0
17,15,0
17,333,0
17,423,0
17,721,0
17,116,0
17,1131,0
17,36,0
17,73,0
17,87,0
17,173,0
17,249,0
17,728,0
17,1425,0
17,110,0
17,1320,0
17,706,0
17,803,0
17,502,0
17,230,0
17,558,0
17,505,0
17,1105,0
17,631,0
17,171,0
17,1454,0
17,1003,0
17,1460,0
17,304,0
17,1515,0
17,733,0
17,1264,0
17,41,0
17,251,0
17,1149,0
17,519,0
17,1488,0
17,386,0
17,102,0
17,370,0
17,624,0
17,13,0
17,653,0
17,349,0
17,924,0
17,798,0
17,174,0
17,65,0
17,351,0
17,550,0
17,1144,0
17,273,0
17,113,0
17,996,0
17,904,0
17,758,0
17,498,0
17,861,0
17,961,0
17,156,0
17,1399,0
17,332,0
17,368,0
17,419,0
17,932,0
17,1,0
17,1191,0
17,20,0
17,149,0
17,164,0
17,530,0
17,1376,0
17,869,0
17,567,0
17,806,0
17,521,0
17,436,0
17,1299,0
17,765,0
17,82,0
17,450,0
17,176,0
17,216,0
17,1143,0
17,403,0
17,590,0
17,938,0
17,633,0
17,26,0
17,1350,0
17,371,0
17,1183,0
17,1253,0
17,605,0
17,144,0
17,449,0
17,135,0
17,1568,0
17,1321,0
17,814,0
17,973,0
17,620,0
17,595,0
17,487,0
17,338,0
17,526,0
17,1626,0
17,1480,0
17,388,0
17,49,0
17,1570,0
17,300,0
17,168,0
17,627,0
17,1492,0
17,129,0
17,672,0
17,437,0
17,986,0
17,376,0
17,887,0
17,314,0
17,1161,0
17,875,0
17,729,0
17,865,0
17,1170,0
17,1394,0
17,864,0
17,890,0
17,514,0
17,6,0
17,934,0
17,68,0
17,819,0
17,27,0
17,285,0
17,125,0
17,1494,0
17,1489,0
17,984,0
17,175,0
17,763,0
17,854,0
17,391,0
17,353,0
17,37,0
17,555,0
17,1536,0
17,75,0
17,1244,0
17,1233,0
17,678,0
17,752,0
17,133,0
17,299,0
17,1453,0
17,361,0
17,343,0
17,1202,0
17,1473,0
17,424,0
17,687,0
17,320,0
17,1147,0
17,302,0
17,993,0
17,1444,0
17,413,0
17,1127,0
17,639,0
17,949,0
17,271,0
17,261,0
17,181,0
17,1307,0
17,470,0
17,516,0
17,831,0
17,421,0
17,585,0
17,61,0
17,258,0
17,975,0
17,366,0
17,1203,0
17,953,0
17,1550,0
17,1007,0
17,592,0
17,1288,0
17,143,0
17,463,0
17,880,0
17,1103,0
17,374,0
17,1278,0
17,925,0
17,958,0
17,726,0
17,195,0
17,761,0
17,640,0
17,577,0
17,91,0
17,495,0
17,1393,0
17,1580,0
17,350,0
17,381,0
17,712,0
17,1110,0
17,679,0
17,238,0
17,420,0
17,909,0
17,3,0
17,274,0
17,808,0
17,92,0
17,1250,0
17,783,0
17,357,0
17,385,0
17,105,0
17,335,0
17,622,0
17,1260,0
17,963,0
17,1197,0
17,85,0
17,189,0
17,867,0
17,546,0
17,1579,0
17,848,0
17,716,0
17,1581,0
17,1538,0
17,1326,0
17,52,0
17,30,0
17,1430,0
17,446,0
17,1355,0
17,991,0
17,1295,0
17,426,0
17,1479,0
17,1449,0
17,643,0
17,379,0
17,556,0
17,1499,0
17,215,0
17,652,0
17,520,0
17,1337,0
17,930,0
17,1164,0
17,1218,0
17,572,0
17,441,0
17,764,0
17,1605,0
17,951,0
17,63,0
17,896,0
17,1543,0
17,399,0
17,1178,0
17,1262,0
17,509,0
17,936,0
17,723,0
17,114,0
17,980,0
17,743,0
17,394,0
17,142,0
17,1395,0
17,675,0
17,1339,0
17,606,0
17,2,0
17,477,0
17,328,0
17,544,0
17,1599,0
17,742,0
17,303,0
17,666,0
17,817,0
18,0,0
18,684,0
18,87,0
18,319,0
18,1178,0
18,307,0
18,652,0
18,49,0
18,255,0
18,718,0
18,687,0
18,349,0
18,822,0
18,893,0
18,901,0
18,847,0
18,497,0
18,628,0
18,1627,0
18,468,0
18,317,0
18,1595,0
18,231,0
18,332,0
18,473,0
18,199,0
18,377,0
18,435,0
18,1347,0
18,54,0
18,1318,0
18,120,0
18,710,0
18,17,0
18,1164,0
18,669,0
18,60,0
18,670,0
18,51,0
18,619,0
18,336,0
18,612,0
18,1222,0
18,340,0
18,131,0
18,629,0
18,233,0
18,338,0
18,703,0
18,900,0
18,390,0
18,1249,0
18,605,0
18,1172,0
18,1200,0
18,852,0
18,72,0
18,682,0
18,1313,0
18,624,0
18,737,0
18,50,0
18,1051,0
18,910,0
18,874,0
18,1351,0
18,401,0
18,1050,0
18,686,0
18,180,0
18,1362,0
18,193,0
18,762,0
18,1376,0
18,556,0
18,980,0
18,915,0
18,1171,0
18,26,0
18,1260,0
18,1340,0
18,366,0
18,1616,0
18,899,0
18,163,0
18,566,0
18,452,0
18,809,0
18,135,0
18,531,0
18,573,0
18,517,0
18,408,0
18,140,0
18,944,0
18,1240,0
18,216,0
18,983,0
18,761,0
18,239,0
18,453,0
18,675,0
18,872,0
18,828,0
18,376,0
18,156,0
18,1586,0
18,861,0
18,759,0
18,1290,0
18,413,0
18,694,0
18,1004,0
18,412,0
18,498,0
18,965,0
18,421,0
18,873,0
18,285,0
18,1317,0
18,207,0
18,369,0
18,1495,0
18,1038,0
18,555,0
18,1377,0
18,1474,0
18,417,0
18,282,0
18,249,0
18,740,0
18,1383,0
18,1397,0
18,14,0
18,185,0
18,780,0
18,510,0
18,617,0
18,1256,0
18,416,0
18,1173,0
18,972,0
18,534,0
18,1307,0
18,659,0
18,79,0
18,792,0
18,528,0
18,102,0
18,683,0
18,455,0
18,3,0
18,392,0
18,1476,0
18,1083,0
18,708,0
18,330,0
18,1437,0
18,1420,0
18,768,0
18,1049,0
18,424,0
18,1228,0
18,819,0
18,1302,0
18,1165,0
18,151,0
18,123,0
18,100,0
18,763,0
18,442,0
18,1519,0
18,273,0
18,1032,0
18,883,0
18,1245,0
18,778,0
18,567,0
18,141,0
18,1461,0
18,474,0
18,692,0
18,448,0
18,398,0
18,514,0
18,1064,0
18,460,0
18,267,0
18,1508,0
18,344,0
18,722,0
18,727,0
18,851,0
18,503,0
18,770,0
18,295,0
18,1431,0
18,524,0
18,264,0
18,492,0
18,449,0
18,477,0
18,1531,0
18,636,0
18,1370,0
18,757,0
18,368,0
18,154,0
18,1559,0
18,1467,0
18,65,0
18,241,0
18,751,0
18,1242,0
18,443,0
18,597,0
18,1205,0
18,870,0
18,1041,0
18,329,0
18,221,0
18,367,0
18,914,0
18,1454,0
18,1403,0
18,136,0
18,611,0
18,30,0
18,1282,0
18,37,0
18,1192,0
18,1303,0
18,1006,0
18,98,0
18,1605,0
18,609,0
18,57,0
18,564,0
18,1201,0
18,620,0
18,429,0
18,540,0
18,18,0
18,834,0
18,318,0
18,1244,0
18,749,0
18,783,0
18,373,0
18,444,0
18,446,0
18,971,0
19,585,0
19,77,0
19,701,0
19,546,0
19,1636,0
19,311,0
19,652,0
19,124,0
19,40,0
19,1589,0
19,514,0
19,332,0
19,121,0
19,1427,0
19,925,0
19,789,0
19,1095,0
19,1450,0
19,626,0
19,1454,0
19,455,0
20,483,0
20,226,0
20,452,0
20,153,0
20,588,0
20,1146,0
20,7,0
20,708,0
20,936,0
20,1149,0
20,76,0
20,74,0
20,1288,0
20,109,0
20,509,0
20,288,0
20,1111,0
20,202,0
20,747,0
21,366,0
21,145,0
21,446,0
21,599,0
21,363,0
21,1057,0
21,42,0
21,17,0
21,1063,0
21,1297,0
21,454,0
21,635,0
21,1222,0
21,442,0
21,1311,0
21,1245,0
21,771,0
21,177,0
21,35,0
21,377,0
21,535,0
21,489,0
21,339,0
21,1003,0
21,384,0
21,839,0
21,1602,0
21,161,0
21,465,0
21,78,0
21,1577,0
21,761,0
21,1574,0
21,704,0
21,31,0
21,413,0
21,403,0
21,588,0
21,592,0
21,7,0
21,1460,0
21,1593,0
21,1276,0
21,59,0
21,1050,0
21,634,0
21,1083,0
21,406,0
21,845,0
21,314,0
21,359,0
21,148,0
21,25,0
21,235,0
21,607,0
21,760,0
21,48,0
21,1106,0
21,1014,0
21,988,0
21,808,0
21,967,0
21,87,0
21,1292,0
21,348,0
21,662,0
21,380,0
21,740,0
21,799,0
21,581,0
21,925,0
21,215,0
21,571,0
21,834,0
21,623,0
21,791,0
21,936,0
21,163,0
21,624,0
21,661,0
21,109,0
21,1560,0
21,940,0
21,38,0
21,1239,0
21,1321,0
21,93,0
21,254,0
21,469,0
21,1585,0
21,767,0
21,610,0
21,587,0
21,684,0
21,1343,0
21,989,0
21,536,0
21,924,0
21,542,0
21,533,0
21,670,0
21,118,0
21,126,0
21,270,0
21,1120,0
21,151,0
21,964,0
21,191,0
21,241,0
21,992,0
21,1479,0
21,1142,0
21,646,0
21,165,0
21,304,0
21,620,0
21,879,0
21,394,0
21,207,0
21,72,0
21,471,0
21,190,0
21,390,0
21,932,0
21,43,0
21,150,0
21,211,0
21,67,0
21,318,0
21,550,0
21,1573,0
21,521,0
21,961,0
21,819,0
21,872,0
21,949,0
21,45,0
21,418,0
21,1508,0
21,1608,0
21,868,0
21,175,0
21,548,0
21,551,0
21,1287,0
21,997,0
21,887,0
21,173,0
21,100,0
21,654,0
21,302,0
21,904,0
21,797,0
21,811,0
21,374,0
21,296,0
21,287,0
21,1563,0
21,810,0
21,710,0
21,577,0
21,1229,0
21,75,0
21,248,0
21,460,0
21,1036,0
21,461,0
21,538,0
21,231,0
21,560,0
21,1416,0
21,979,0
21,742,0
21,790,0
21,57,0
21,840,0
21,938,0
21,275,0
21,427,0
21,681,0
21,368,0
21,447,0
21,139,0
21,154,0
21,250,0
21,197,0
21,125,0
21,1000,0
21,1385,0
21,256,0
21,349,0
21,415,0
21,252,0
21,204,0
21,1283,0
21,772,0
21,445,0
21,383,0
21,576,0
21,534,0
21,336,0
21,807,0
21,727,0
21,1288,0
21,715,0
21,1240,0
21,364,0
21,312,0
21,1347,0
21,864,0
21,188,0
21,637,0
21,954,0
21,995,0
21,697,0
21,310,0
21,655,0
21,876,0
21,1444,0
21,570,0
21,376,0
21,1225,0
21,1454,0
21,168,0
21,1105,0
21,945,0
21,1400,0
21,276,0
21,1279,0
21,386,0
21,221,0
21,1156,0
21,387,0
21,1097,0
21,657,0
21,230,0
21,885,0
21,1290,0
21,1040,0
21,1028,0
21,1594,0
21,430,0
21,628,0
21,750,0
21,948,0
21,21,0
21,933,0
21,1464,0
21,1382,0
21,4,0
21,338,0
21,172,0
21,894,0
21,180,0
21,251,0
21,942,0
21,1099,0
21,416,0
21,693,0
21,647,0
21,10,0
21,433,0
21,224,0
21,1143,0
21,998,0
21,1575,0
21,116,0
21,1295,0
21,1368,0
21,267,0
21,220,0
21,1302,0
21,61,0
21,508,0
21,1317,0
21,332,0
21,1527,0
21,46,0
21,718,0
21,1503,0
21,794,0
21,1059,0
21,1493,0
21,848,0
21,667,0
21,51,0
21,292,0
21,90,0
21,257,0
21,821,0
21,960,0
21,903,0
21,1530,0
21,115,0
22,570,0
22,1308,0
22,268,0
22,1210,0
22,1618,0
22,788,0
22,154,0
22,726,0
22,48,0
22,883,0
22,725,0
22,9,0
22,218,0
22,32,0
22,182,0
22,822,0
22,778,0
22,630,0
22,1065,0
22,1102,0
22,175,0
22,1627,0
22,753,0
22,810,0
22,826,0
22,335,0
22,479,0
22,1341,0
22,174,0
22,571,0
22,0,0
22,453,0
22,1499,0
22,1339,0
22,469,0
22,495,0
22,511,0
22,227,0
22,505,0
22,1063,0
22,447,0
22,386,0
22,130,0
22,460,0
22,1089,0
22,37,0
22,199,0
22,348,0
22,1180,0
22,621,0
22,1486,0
22,62,0
22,429,0
22,124,0
22,644,0
22,782,0
22,639,0
22,565,0
22,1169,0
22,5,0
22,1054,0
22,492,0
22,81,0
22,408,0
22,156,0
22,46,0
22,1472,0
22,1474,0
22,828,0
22,1129,0
22,831,0
22,141,0
22,346,0
22,1079,0
22,1600,0
22,876,0
22,736,0
22,413,0
22,1135,0
22,1487,0
22,1146,0
22,180,0
22,922,0
22,567,0
22,1170,0
22,13,0
22,39,0
22,1613,0
22,766,0
22,1588,0
22,486,0
22,191,0
22,1168,0
22,392,0
22,770,0
22,188,0
22,119,0
22,213,0
22,1088,0
22,14,0
22,1165,0
22,841,0
22,168,0
22,1023,0
22,25,0
22,1114,0
22,450,0
22,1476,0
22,1376,0
22,1183,0
22,89,0
22,1483,0
22,612,0
22,1373,0
22,28,0
22,400,0
22,451,0
22,789,0
22,1104,0
22,648,0
22,591,0
22,1527,0
22,791,0
22,313,0
22,127,0
22,333,0
22,913,0
22,1145,0
22,266,0
22,1155,0
22,1106,0
22,201,0
22,867,0
22,183,0
22,86,0
22,155,0
22,615,0
22,412,0
22,1427,0
22,584,0
22,209,0
22,231,0
22,1311,0
22,466,0
22,886,0
22,184,0
22,26,0
22,163,0
22,11,0
22,1011,0
22,710,0
22,1103,0
22,1491,0
22,1348,0
22,1405,0
22,449,0
22,1026,0
22,325,0
22,1294,0
22,835,0
22,759,0
22,43,0
22,1375,0
22,242,0
22,353,0
22,1503,0
22,1040,0
22,164,0
22,662,0
22,151,0
22,165,0
22,1374,0
22,1541,0
22,981,0
22,435,0
22,673,0
22,1318,0
22,398,0
22,747,0
22,931,0
22,314,0
22,784,0
22,1409,0
22,520,0
22,16,0
22,20,0
22,1319,0
22,1219,0
22,384,0
22,1053,0
22,403,0
22,500,0
22,170,0
22,1381,0
22,1200,0
22,1458,0
22,393,0
22,1606,0
22,1507,0
22,1354,0
22,285,0
22,893,0
22,288,0
22,880,0
22,858,0
22,312,0
22,21,0
22,605,0
22,957,0
22,623,0
22,779,0
22,521,0
22,418,0
22,120,0
22,361,0
22,194,0
22,606,0
22,819,0
22,80,0
22,557,0
22,1050,0
22,1120,0
22,1081,0
22,1167,0
22,1147,0
22,714,0
22,123,0
22,723,0
22,105,0
22,478,0
22,1017,0
22,117,0
22,102,0
22,79,0
22,634,0
22,169,0
22,465,0
22,1614,0
22,614,0
22,941,0
22,146,0
22,1061,0
22,114,0
22,219,0
22,718,0
22,88,0
22,300,0
22,944,0
22,1495,0
22,366,0
22,61,0
22,865,0
22,1067,0
22,692,0
22,342,0
22,1330,0
22,624,0
22,1024,0
22,477,0
22,1515,0
22,409,0
22,722,0
22,686,0
22,1287,0
22,1068,0
22,1057,0
22,618,0
22,303,0
22,851,0
22,816,0
22,17,0
22,508,0
22,253,0
22,585,0
22,211,0
22,45,0
22,629,0
22,395,0
22,706,0
22,1171,0
22,494,0
22,226,0
22,859,0
22,1568,0
22,458,0
22,368,0
22,807,0
22,689,0
22,717,0
22,899,0
22,1512,0
22,1300,0
22,538,0
22,1430,0
22,895,0
22,1078,0
22,856,0
22,299,0
22,70,0
22,843,0
22,1333,0
23,524,0
23,241,0
23,337,0
23,922,0
23,885,0
23,100,0
23,299,0
23,576,0
23,30,0
23,424,0
23,846,0
23,1120,0
23,563,0
23,117,0
23,1157,0
23,45,0
23,374,0
23,1627,0
23,60,0
23,391,0
23,505,0
23,133,0
23,725,0
23,1219,0
23,1479,0
23,636,0
23,329,0
23,321,0
23,982,0
23,774,0
23,1362,0
23,901,0
23,216,0
23,4,0
23,1552,0
23,138,0
23,31,0
23,54,0
23,83,0
23,747,0
23,347,0
23,659,0
23,118,0
23,206,0
23,116,0
23,440,0
23,240,0
23,1202,0
23,1179,0
23,238,0
23,733,0
23,1393,0
23,637,0
23,880,0
23,53,0
23,861,0
23,455,0
23,57,0
23,1048,0
23,427,0
23,278,0
23,862,0
23,1149,0
23,43,0
23,181,0
23,1446,0
23,932,0
23,1262,0
23,614,0
23,855,0
23,702,0
23,879,0
23,1190,0
23,96,0
23,190,0
23,586,0
23,438,0
23,295,0
23,37,0
23,592,0
23,205,0
23,503,0
23,934,0
23,1061,0
23,343,0
23,1084,0
23,158,0
23,1433,0
23,837,0
23,492,0
23,1396,0
23,1510,0
23,223,0
23,583,0
23,1629,0
23,452,0
23,155,0
23,85,0
23,749,0
23,189,0
23,950,0
23,110,0
23,12,0
23,1506,0
23,549,0
23,1038,0
23,657,0
23,1012,0
23,235,0
23,192,0
23,729,0
23,74,0
23,822,0
23,1314,0
23,755,0
23,431,0
23,1621,0
23,652,0
23,406,0
23,543,0
23,251,0
23,312,0
23,226,0
23,371,0
23,429,0
23,114,0
23,613,0
23,1624,0
23,1099,0
23,1613,0
23,301,0
23,7,0
23,1596,0
24,9,0
24,1256,0
24,161,0
24,278,0
24,1487,0
24,241,0
24,677,0
24,1617,0
24,1611,0
24,509,0
24,448,0
24,702,0
24,1485,0
24,831,0
24,153,0
24,205,0
24,390,0
24,57,0
24,1163,0
24,543,0
24,148,0
24,1374,0
24,176,0
24,131,0
24,676,0
24,1192,0
24,136,0
24,10,0
24,172,0
24,819,0
24,771,0
24,1111,0
24,406,0
24,801,0
24,1009,0
24,152,0
24,65,0
24,164,0
24,588,0
24,377,0
24,912,0
24,237,0
24,929,0
24,88,0
24,1561,0
24,1170,0
24,287,0
24,487,0
24,636,0
24,49,0
24,582,0
24,1218,0
24,72,0
24,1169,0
24,270,0
24,25,0
24,1579,0
24,623,0
24,80,0
24,300,0
24,259,0
24,973,0
24,1323,0
24,619,0
24,1120,0
24,477,0
24,928,0
24,113,0
24,1310,0
24,512,0
24,1173,0
24,1144,0
24,4,0
24,744,0
24,1369,0
24,380,0
24,573,0
24,797,0
24,387,0
24,101,0
24,44,0
24,1314,0
25,588,0
25,412,0
25,181,0
25,213,0
25,849,0
25,374,0
25,401,0
25,370,0
25,854,0
25,131,0
25,75,0
25,789,0
25,823,0
25,1262,0
25,756,0
25,723,0
25,1444,0
25,1517,0
25,509,0
25,653,0
25,646,0
25,639,0
25,617,0
25,1637,0
25,418,0
25,438,0
25,924,0
25,192,0
25,1562,0
25,46,0
25,382,0
25,212,0
25,564,0
25,764,0
25,55,0
25,1116,0
25,204,0
25,78,0
25,411,0
25,534,0
25,85,0
25,596,0
25,510,0
25,221,0
25,798,0
25,52,0
25,909,0
25,828,0
25,1571,0
25,142,0
25,98,0
25,684,0
25,208,0
25,1145,0
25,997,0
25,386,0
25,330,0
25,900,0
25,710,0
25,89,0
25,36,0
25,635,0
25,295,0
25,1179,0
25,1507,0
25,1516,0
25,337,0
25,993,0
25,869,0
25,353,0
25,310,0
25,1054,0
25,1515,0
25,715,0
25,623,0
25,224,0
25,711,0
25,51,0
25,47,0
25,1439,0
25,413,0
25,780,0
25,745,0
25,1498,0
25,690,0
25,297,0
25,6,0
25,583,0
25,496,0
25,840,0
25,1281,0
25,2,0
25,614,0
25,750,0
25,1037,0
25,120,0
25,491,0
25,1030,0
25,793,0
25,375,0
25,311,0
25,17,0
25,1513,0
25,600,0
25,577,0
25,831,0
25,1149,0
25,519,0
25,1476,0
25,68,0
25,428,0
25,12,0
25,627,0
25,797,0
25,96,0
25,342,0
25,1042,0
25,587,0
25,979,0
25,262,0
25,206,0
25,1269,0
25,410,0
25,1263,0
25,902,0
25,852,0
25,339,0
25,613,0
25,550,0
25,258,0
25,522,0
25,560,0
25,492,0
25,21,0
25,210,0
25,712,0
25,460,0
25,632,0
25,436,0
25,66,0
25,320,0
25,537,0
25,660,0
25,1152,0
25,396,0
25,301,0
25,34,0
25,235,0
25,636,0
25,515,0
25,191,0
25,535,0
25,1016,0
25,717,0
25,175,0
25,859,0
25,1220,0
25,839,0
25,734,0
25,434,0
25,102,0
25,1041,0
25,621,0
25,767,0
25,456,0
25,1503,0
25,926,0
25,194,0
25,41,0
25,366,0
25,841,0
25,231,0
25,929,0
25,116,0
25,628,0
25,246,0
25,359,0
25,1229,0
25,731,0
25,595,0
25,964,0
25,1640,0
25,62,0
25,975,0
25,1025,0
25,328,0
25,261,0
25,71,0
25,905,0
25,138,0
25,694,0
25,702,0
25,709,0
25,514,0
25,874,0
25,240,0
25,932,0
25,317,0
25,254,0
25,988,0
25,1258,0
25,201,0
25,90,0
25,400,0
25,844,0
25,610,0
25,1492,0
25,901,0
25,1497,0
25,250,0
25,300,0
25,575,0
25,1603,0
25,1475,0
25,1218,0
25,126,0
25,1099,0
25,471,0
25,319,0
25,244,0
25,19,0
25,576,0
25,109,0
25,1494,0
25,129,0
25,193,0
25,59,0
25,656,0
25,1596,0
25,976,0
25,279,0
25,302,0
25,237,0
25,1438,0
25,825,0
25,1227,0
25,689,0
25,864,0
25,107,0
25,7,0
25,45,0
25,199,0
25,239,0
25,467,0
25,16,0
25,289,0
25,315,0
25,1601,0
25,286,0
25,768,0
25,388,0
25,941,0
25,818,0
25,82,0
25,155,0
25,0,0
25,952,0
25,502,0
25,1233,0
25,1160,0
25,1467,0
25,1178,0
25,298,0
25,371,0
25,705,0
25,437,0
25,156,0
25,962,0
25,687,0
25,590,0
25,773,0
25,1555,0
25,466,0
25,64,0
25,974,0
25,620,0
25,414,0
25,1240,0
25,1185,0
25,1550,0
25,891,0
25,943,0
25,288,0
25,714,0
25,755,0
25,494,0
25,369,0
25,871,0
25,513,0
25,207,0
25,1576,0
25,35,0
25,730,0
25,273,0
25,1011,0
25,1117,0
25,582,0
25,853,0
25,1251,0
25,1139,0
25,657,0
25,8,0
25,1008,0
25,424,0
25,44,0
25,801,0
25,5,0
25,1066,0
25,1184,0
25,1062,0
25,1059,0
25,282,0
25,1455,0
25,368,0
25,226,0
25,1071,0
25,1524,0
25,517,0
25,332,0
25,876,0
25,32,0
25,9,0
25,559,0
25,832,0
25,84,0
25,1468,0
25,415,0
25,664,0
25,1015,0
25,54,0
25,518,0
25,995,0
25,1024,0
25,147,0
25,486,0
25,74,0
25,1509,0
25,1202,0
25,1486,0
25,76,0
25,752,0
25,465,0
25,884,0
25,1173,0
25,606,0
25,524,0
25,420,0
25,336,0
25,1267,0
25,1077,0
25,149,0
25,1047,0
25,579,0
25,736,0
25,556,0
25,1590,0
25,1574,0
25,233,0
25,485,0
25,160,0
25,28,0
25,1449,0
25,1146,0
25,215,0
25,1247,0
25,504,0
25,458,0
25,969,0
25,432,0
25,991,0
25,634,0
25,445,0
25,1232,0
25,495,0
25,547,0
25,761,0
25,1250,0
25,601,0
25,1225,0
25,459,0
25,520,0
25,1479,0
25,1237,0
25,232,0
25,150,0
25,545,0
25,615,0
25,119,0
25,1635,0
25,994,0
25,1061,0
25,533,0
25,476,0
25,814,0
25,293,0
25,426,0
25,662,0
26,1064,0
26,1290,0
26,917,0
26,1030,0
26,637,0
26,451,0
26,605,0
26,897,0
26,355,0
26,103,0
26,457,0
26,1124,0
26,1581,0
26,1382,0
26,859,0
26,598,0
26,420,0
26,95,0
26,893,0
26,1022,0
26,1078,0
26,836,0
26,195,0
26,673,0
26,376,0
26,114,0
26,1125,0
26,158,0
26,806,0
26,5,0
26,1292,0
26,183,0
26,1573,0
26,529,0
26,239,0
26,867,0
26,126,0
26,1237,0
26,913,0
26,455,0
26,57,0
26,25,0
26,746,0
26,1172,0
26,780,0
26,1042,0
26,1464,0
26,445,0
26,81,0
26,427,0
26,1013,0
26,193,0
26,149,0
26,279,0
26,542,0
26,400,0
26,794,0
26,1087,0
26,88,0
26,687,0
26,1020,0
26,399,0
26,764,0
26,323,0
26,474,0
26,809,0
26,1032,0
27,17,0
27,78,0
27,789,0
27,708,0
27,127,0
27,984,0
27,332,0
27,1224,0
27,184,0
27,1542,0
27,208,0
27,899,0
27,669,0
27,675,0
27,289,0
27,311,0
27,845,0
27,586,0
27,277,0
27,911,0
27,1006,0
27,483,0
27,1159,0
27,330,0
27,695,0
27,83,0
27,1120,0
27,1070,0
27,791,0
27,63,0
27,1112,0
27,3,0
27,1509,0
27,1433,0
27,1492,0
27,1525,0
27,375,0
27,655,0
27,558,0
27,872,0
27,1234,0
27,1569,0
27,587,0
27,873,0
27,27,0
27,120,0
27,168,0
27,619,0
27,500,0
27,107,0
27,1059,0
27,4,0
27,1621,0
27,156,0
27,1324,0
27,694,0
27,1459,0
27,259,0
27,1184,0
27,1039,0
27,782,0
27,239,0
27,1129,0
27,438,0
27,7,0
27,34,0
27,889,0
27,451,0
27,1534,0
27,1094,0
27,1606,0
27,618,0
27,646,0
27,411,0
27,94,0
27,135,0
27,810,0
27,180,0
27,46,0
27,1221,0
27,736,0
27,136,0
27,526,0
27,200,0
27,1544,0
27,116,0
27,344,0
27,514,0
27,509,0
27,161,0
27,176,0
27,457,0
27,693,0
27,1315,0
27,676,0
27,153,0
27,300,0
27,41,0
27,770,0
27,963,0
27,543,0
27,783,0
27,133,0
27,1293,0
28,267,0
28,1085,0
28,688,0
28,1404,0
28,101,0
28,1259,0
28,24,0
28,1097,0
28,196,0
28,384,0
28,533,0
28,238,0
28,542,0
28,109,0
28,1065,0
28,365,0
28,972,0
28,522,0
28,1245,0
28,1495,0
28,346,0
28,610,0
28,161,0
28,887,0
28,375,0
28,1144,0
28,557,0
28,1504,0
28,7,0
28,203,0
28,1420,0
28,575,0
28,1092,0
28,344,0
28,358,0
28,13,0
28,747,0
28,742,0
28,599,0
28,48,0
28,922,0
28,188,0
28,706,0
28,181,0
28,1511,0
28,180,0
28,455,0
28,893,0
28,907,0
28,263,0
28,829,0
28,140,0
28,171,0
28,519,0
28,1382,0
28,968,0
28,1352,0
28,822,0
28,1180,0
28,230,0
28,300,0
28,70,0
28,0,0
28,1125,0
28,698,0
28,960,0
28,120,0
28,684,0
28,16,0
28,332,0
28,1357,0
28,317,0
28,1286,0
28,187,0
28,1297,0
28,403,0
28,427,0
28,806,0
28,525,0
28,642,0
28,888,0
28,749,0
28,20,0
28,495,0
28,438,0
28,430,0
28,1374,0
28,1289,0
28,253,0
28,1036,0
28,323,0
28,1081,0
28,810,0
28,980,0
28,758,0
28,127,0
28,31,0
28,1043,0
28,1257,0
28,978,0
28,1167,0
28,1208,0
28,514,0
28,1146,0
28,851,0
29,5,0
29,712,0
29,648,0
29,149,0
29,15,0
29,1236,0
29,89,0
29,803,0
29,1620,0
29,85,0
29,1132,0
29,312,0
29,128,0
29,300,0
29,763,0
29,298,0
29,186,0
29,124,0
29,647,0
29,377,0
29,924,0
29,256,0
29,153,0
29,171,0
29,283,0
29,1006,0
29,344,0
29,1389,0
29,1252,0
29,393,0
29,98,0
29,707,0
29,20,0
29,38,0
29,1370,0
29,346,0
29,945,0
29,110,0
29,1246,0
29,51,0
30,530,0
30,710,0
30,485,0
30,38,0
30,178,0
30,343,0
30,446,0
30,432,0
30,515,0
30,68,0
30,42,0
30,311,0
30,381,0
30,180,0
30,263,0
30,1515,0
30,966,0
30,700,0
30,67,0
30,413,0
30,1365,0
30,1553,0
30,500,0
30,275,0
30,6,0
30,846,0
30,610,0
30,907,0
30,1406,0
30,344,0
30,10,0
30,1105,0
30,520,0
30,1388,0
30,323,0
30,140,0
30,329,0
30,994,0
30,17,0
30,117,0
30,734,0
30,129,0
30,799,0
30,601,0
30,612,0
30,1260,0
30,192,0
30,774,0
30,718,0
30,784,0
30,1084,0
30,819,0
30,889,0
30,1225,0
30,1106,0
30,212,0
30,36,0
30,118,0
30,591,0
30,429,0
30,227,0
30,547,0
30,197,0
30,330,0
30,1143,0
30,1258,0
30,1121,0
30,708,0
30,271,0
30,754,0
30,823,0
30,241,0
30,121,0
30,211,0
30,1634,0
30,1356,0
30,115,0
30,681,0
30,635,0
30,105,0
30,28,0
30,731,0
30,233,0
30,564,0
30,375,0
30,723,0
30,790,0
30,195,0
30,442,0
30,101,0
30,390,0
30,499,0
30,829,0
30,978,0
30,161,0
30,567,0
30,453,0
30,1169,0
30,1193,0
30,1002,0
30,94,0
30,247,0
30,842,0
30,642,0
30,102,0
30,982,0
30,597,0
30,838,0
30,1237,0
30,995,0
30,1542,0
30,424,0
30,239,0
30,946,0
30,1116,0
30,1091,0
31,418,0
31,1327,0
31,854,0
31,797,0
31,136,0
31,715,0
31,174,0
31,498,0
31,72,0
31,1317,0
31,120,0
31,1080,0
31,87,0
31,850,0
31,515,0
31,710,0
31,366,0
31,316,0
31,384,0
31,823,0
31,1036,0
31,759,0
31,572,0
31,614,0
31,502,0
31,851,0
31,196,0
31,104,0
31,734,0
31,633,0
31,731,0
31,1243,0
31,642,0
31,150,0
31,146,0
31,509,0
31,393,0
31,845,0
31,268,0
31,1053,0
31,749,0
31,424,0
31,1461,0
31,267,0
31,363,0
32,927,0
32,66,0
32,574,0
32,1290,0
32,502,0
32,1334,0
32,913,0
32,503,0
32,809,0
32,232,0
32,965,0
32,41,0
32,1122,0
32,241,0
32,1221,0
32,734,0
32,1345,0
32,762,0
32,1114,0
32,1354,0
32,111,0
32,126,0
32,165,0
32,163,0
32,1310,0
32,775,0
32,832,0
32,160,0
32,934,0
32,625,0
32,257,0
32,880,0
32,196,0
32,885,0
32,814,0
32,68,0
32,399,0
32,923,0
32,282,0
32,468,0
32,1373,0
32,1349,0
32,746,0
32,144,0
32,400,0
32,850,0
32,658,0
32,1406,0
32,785,0
32,143,0
32,281,0
32,911,0
32,1081,0
32,151,0
32,256,0
32,648,0
32,310,0
32,1402,0
32,777,0
32,127,0
32,337,0
32,1008,0
32,732,0
32,1492,0
32,495,0
32,250,0
32,499,0
32,725,0
32,721,0
32,1312,0
32,365,0
32,1154,0
32,490,0
32,198,0
32,35,0
32,146,0
32,283,0
32,686,0
32,122,0
32,346,0
32,1165,0
32,86,0
32,1085,0
32,884,0
32,541,0
32,58,0
32,469,0
32,594,0
32,997,0
32,91,0
32,681,0
32,694,0
32,1388,0
32,1065,0
32,549,0
32,1197,0
32,693,0
32,515,0
32,295,0
32,149,0
32,189,0
32,278,0
32,1049,0
32,3,0
32,1249,0
32,223,0
32,1581,0
32,1142,0
32,1352,0
32,252,0
32,527,0
32,912,0
32,722,0
32,695,0
32,637,0
32,649,0
32,115,0
32,1319,0
32,587,0
32,608,0
32,1484,0
32,1014,0
32,521,0
32,1078,0
32,1423,0
32,373,0
32,1068,0
32,1463,0
32,1264,0
32,627,0
32,5,0
32,720,0
32,1064,0
32,1083,0
32,993,0
32,332,0
32,1387,0
32,23,0
32,436,0
32,708,0
32,168,0
32,83,0
32,643,0
32,1234,0
32,48,0
32,1510,0
32,1499,0
32,216,0
32,443,0
32,538,0
32,480,0
32,522,0
32,525,0
32,367,0
32,234,0
32,46,0
32,924,0
32,460,0
32,572,0
32,542,0
32,38,0
32,30,0
32,1220,0
32,4,0
32,1608,0
32,623,0
32,1448,0
32,1009,0
32,444,0
32,1412,0
32,540,0
32,270,0
32,446,0
32,545,0
32,781,0
32,1278,0
32,1109,0
32,19,0
32,712,0
32,613,0
32,141,0
32,1590,0
32,1358,0
32,518,0
32,381,0
32,80,0
32,717,0
32,1207,0
32,963,0
32,1465,0
32,1052,0
32,114,0
32,582,0
32,383,0
32,504,0
32,664,0
32,1176,0
32,298,0
32,437,0
32,619,0
32,1239,0
32,930,0
32,597,0
32,805,0
32,610,0
32,1621,0
32,1497,0
32,494,0
32,1210,0
32,724,0
32,390,0
32,1410,0
32,459,0
32,417,0
32,808,0
32,699,0
32,303,0
32,1073,0
32,496,0
32,1336,0
32,766,0
32,374,0
32,564,0
32,1287,0
32,217,0
32,1245,0
32,830,0
32,493,0
32,462,0
32,602,0
32,609,0
32,1339,0
32,412,0
32,916,0
32,1316,0
32,311,0
32,1332,0
32,685,0
32,811,0
32,275,0
32,1639,0
32,871,0
32,85,0
32,855,0
32,674,0
32,1619,0
32,647,0
32,1418,0
32,1217,0
32,787,0
32,251,0
32,1389,0
32,1048,0
32,34,0
32,743,0
32,585,0
32,1046,0
32,1453,0
32,567,0
32,1347,0
32,990,0
32,592,0
32,349,0
32,1449,0
32,1289,0
32,1104,0
32,892,0
32,888,0
32,1257,0
32,589,0
32,142,0
32,489,0
32,1600,0
32,584,0
32,104,0
32,432,0
32,1003,0
32,70,0
32,95,0
32,655,0
32,745,0
32,357,0
32,158,0
32,177,0
32,845,0
32,940,0
32,1057,0
32,1314,0
32,1223,0
32,731,0
32,1351,0
32,1169,0
32,862,0
32,228,0
32,140,0
32,479,0
32,314,0
32,565,0
32,1006,0
32,334,0
32,1298,0
32,369,0
32,1070,0
32,7,0
32,711,0
32,206,0
32,352,0
32,147,0
32,1016,0
32,246,0
32,532,0
32,709,0
32,813,0
32,723,0
32,456,0
32,1306,0
32,1366,0
32,1206,0
32,1005,0
32,16,0
32,107,0
32,1150,0
32,654,0
32,497,0
32,914,0
32,84,0
32,350,0
32,617,0
32,487,0
32,1355,0
32,1368,0
32,786,0
32,355,0
32,1099,0
32,700,0
32,673,0
32,854,0
32,991,0
32,615,0
32,728,0
32,961,0
32,269,0
32,966,0
32,190,0
32,738,0
32,415,0
32,869,0
32,155,0
32,438,0
32,230,0
32,64,0
32,1501,0
32,920,0
32,800,0
32,922,0
32,651,0
32,153,0
32,276,0
32,221,0
32,247,0
32,838,0
32,1374,0
32,586,0
32,440,0
32,1342,0
32,1211,0
32,464,0
32,867,0
32,1620,0
32,299,0
32,56,0
32,467,0
32,539,0
32,353,0
32,1183,0
32,1593,0
32,1259,0
32,356,0
32,932,0
32,1269,0
32,395,0
32,1404,0
32,558,0
32,1200,0
32,1293,0
32,957,0
32,88,0
32,827,0
33,93,0
33,1186,0
33,1333,0
33,154,0
33,259,0
33,95,0
33,1024,0
33,341,0
33,1155,0
33,596,0
33,195,0
33,579,0
33,987,0
33,1052,0
33,343,0
33,717,0
33,254,0
33,42,0
33,48,0
33,124,0
33,926,0
33,1439,0
33,1114,0
33,739,0
33,102,0
33,371,0
33,719,0
33,30,0
33,514,0
33,946,0
33,160,0
33,1551,0
33,1182,0
33,718,0
33,226,0
33,450,0
33,578,0
33,480,0
33,403,0
33,60,0
33,667,0
33,952,0
33,636,0
33,723,0
33,23,0
33,614,0
33,1462,0
33,37,0
33,938,0
33,40,0
33,62,0
33,727,0
33,149,0
33,250,0
33,144,0
33,731,0
33,317,0
33,1559,0
33,113,0
33,241,0
33,420,0
33,293,0
33,184,0
33,901,0
33,569,0
33,1037,0
33,577,0
33,467,0
33,774,0
33,49,0
33,1381,0
33,1141,0
33,746,0
33,465,0
33,910,0
33,346,0
33,1004,0
33,46,0
33,1079,0
33,181,0
33,123,0
33,223,0
33,1153,0
33,1229,0
33,1302,0
33,365,0
33,551,0
33,1437,0
33,490,0
33,1466,0
33,632,0
33,1053,0
33,435,0
33,176,0
33,419,0
33,44,0
33,531,0
33,1287,0
33,876,0
33,993,0
33,1391,0
33,772,0
33,1480,0
33,478,0
33,158,0
33,21,0
33,340,0
33,353,0
33,1272,0
33,89,0
33,1140,0
33,106,0
33,565,0
33,71,0
33,1446,0
33,1330,0
33,1084,0
33,1061,0
33,239,0
33,135,0
33,191,0
33,599,0
33,100,0
33,613,0
33,610,0
33,19,0
33,1534,0
33,750,0
33,846,0
33,735,0
33,434,0
33,918,0
33,1167,0
33,52,0
33,446,0
33,79,0
33,899,0
33,770,0
33,585,0
33,1048,0
33,83,0
33,69,0
33,1130,0
33,874,0
33,646,0
33,395,0
33,964,0
33,754,0
33,115,0
33,39,0
33,262,0
33,175,0
33,323,0
33,842,0
33,789,0
33,581,0
33,310,0
33,105,0
33,424,0
33,1200,0
33,651,0
34,268,0
34,25,0
34,736,0
34,586,0
34,342,0
34,490,0
34,97,0
34,1129,0
34,21,0
34,126,0
34,762,0
34,183,0
34,57,0
34,1443,0
34,365,0
34,104,0
34,210,0
34,579,0
34,1539,0
34,278,0
34,219,0
34,436,0
34,1063,0
34,915,0
34,705,0
34,549,0
34,58,0
34,564,0
34,856,0
34,1176,0
34,161,0
34,350,0
34,1049,0
34,135,0
34,186,0
34,18,0
34,672,0
34,56,0
34,928,0
34,1254,0
34,626,0
34,936,0
34,269,0
34,676,0
34,1069,0
34,1099,0
34,213,0
34,1073,0
34,1085,0
34,708,0
34,93,0
34,474,0
34,543,0
34,215,0
34,523,0
34,408,0
34,1155,0
34,799,0
34,423,0
34,198,0
34,24,0
34,206,0
34,83,0
34,1044,0
34,1005,0
34,217,0
34,0,0
34,986,0
34,38,0
34,519,0
34,547,0
34,42,0
34,769,0
34,643,0
34,633,0
34,201,0
34,149,0
34,272,0
34,151,0
34,1214,0
34,851,0
34,252,0
34,711,0
34,875,0
34,1642,0
34,48,0
34,861,0
34,285,0
34,254,0
34,521,0
34,249,0
34,370,0
34,128,0
34,679,0
34,1556,0
34,136,0
34,1200,0
34,1391,0
34,109,0
34,1378,0
34,488,0
34,398,0
34,353,0
34,20,0
34,732,0
34,397,0
34,1423,0
34,449,0
34,226,0
34,1077,0
34,1334,0
34,998,0
34,74,0
34,1141,0
34,144,0
34,205,0
34,67,0
34,9,0
34,158,0
34,65,0
34,1285,0
34,447,0
34,110,0
34,866,0
34,1009,0
34,91,0
34,85,0
34,889,0
34,430,0
34,552,0
34,235,0
34,1172,0
34,867,0
34,944,0
34,384,0
34,273,0
34,489,0
34,606,0
34,615,0
34,774,0
34,1171,0
34,60,0
34,807,0
34,940,0
34,1103,0
34,1269,0
34,600,0
34,1543,0
34,221,0
34,753,0
34,81,0
34,163,0
34,621,0
34,614,0
34,244,0
34,652,0
34,23,0
34,1507,0
34,1105,0
34,1012,0
34,702,0
34,157,0
34,882,0
34,492,0
34,1487,0
34,637,0
34,63,0
34,375,0
34,381,0
34,455,0
34,1499,0
34,763,0
34,927,0
34,1375,0
34,616,0
34,1272,0
34,125,0
34,46,0
34,577,0
34,1452,0
34,1407,0
34,1097,0
34,510,0
34,142,0
34,931,0
34,566,0
34,27,0
34,188,0
34,1291,0
34,323,0
34,751,0
34,1492,0
34,16,0
34,181,0
34,570,0
35,1153,0
35,915,0
35,174,0
35,388,0
35,183,0
35,1226,0
35,634,0
35,881,0
35,55,0
35,87,0
35,45,0
35,366,0
35,314,0
35,796,0
35,75,0
35,72,0
35,906,0
35,922,0
35,737,0
35,164,0
35,39,0
35,153,0
35,125,0
35,1007,0
35,367,0
35,1457,0
35,182,0
35,659,0
35,838,0
35,675,0
35,825,0
35,62,0
35,1581,0
35,1100,0
35,487,0
35,455,0
35,801,0
35,51,0
35,1487,0
35,840,0
35,379,0
35,711,0
35,114,0
35,274,0
35,129,0
35,533,0
35,511,0
35,1011,0
35,98,0
35,1059,0
35,647,0
35,24,0
35,1380,0
